  1/1 Mean: 0.000 ━━━━━━━━━━━━━━━━━━━━━━━━━━━━━━━━━━━━━━━━ 0:13:41 0:00:00
--- Logging error ---
--- Logging error ---
unhandled exception during asyncio.run() shutdown
task: <Task finished name='Task-1' coro=<start.<locals>._run_job() done, defined at /Users/arsh/.local/share/uv/tools/harbor/lib/python3.12/site-packages/harbor/cli/jobs.py:1527> exception=ExceptionGroup('unhandled errors in a TaskGroup', [OSError(28, 'No space left on device')])>
  + Exception Group Traceback (most recent call last):
  |   File "/Users/arsh/.local/share/uv/tools/harbor/lib/python3.12/site-packages/harbor/cli/jobs.py", line 1566, in _run_job
  |     job_result = await job.run()
  |                  ^^^^^^^^^^^^^^^
  |   File "/Users/arsh/.local/share/uv/tools/harbor/lib/python3.12/site-packages/harbor/job.py", line 1037, in run
  |     trial_results = await self._run_trials_with_queue(
  |                     ^^^^^^^^^^^^^^^^^^^^^^^^^^^^^^^^^^
  |   File "/Users/arsh/.local/share/uv/tools/harbor/lib/python3.12/site-packages/harbor/job.py", line 1187, in _run_trials_with_queue
  |     async with asyncio.TaskGroup() as tg:
  |                ^^^^^^^^^^^^^^^^^^^
  |   File "/Users/arsh/.local/share/uv/python/cpython-3.12.13-macos-aarch64-none/lib/python3.12/asyncio/taskgroups.py", line 71, in __aexit__
  |     return await self._aexit(et, exc)
  |            ^^^^^^^^^^^^^^^^^^^^^^^^^^
  |   File "/Users/arsh/.local/share/uv/python/cpython-3.12.13-macos-aarch64-none/lib/python3.12/asyncio/taskgroups.py", line 164, in _aexit
  |     raise BaseExceptionGroup(
  | ExceptionGroup: unhandled errors in a TaskGroup (1 sub-exception)
  +-+---------------- 1 ----------------
    | Traceback (most recent call last):
    |   File "/Users/arsh/.local/share/uv/tools/harbor/lib/python3.12/site-packages/harbor/trial/trial.py", line 375, in run
    |     await self._prepare()
    |   File "/Users/arsh/.local/share/uv/tools/harbor/lib/python3.12/site-packages/harbor/trial/trial.py", line 409, in _prepare
    |     await self._setup_agent_environment()
    |   File "/Users/arsh/.local/share/uv/tools/harbor/lib/python3.12/site-packages/harbor/trial/trial.py", line 1210, in _setup_agent_environment
    |     await self._start_agent_environment()
    |   File "/Users/arsh/.local/share/uv/tools/harbor/lib/python3.12/site-packages/harbor/trial/trial.py", line 1216, in _start_agent_environment
    |     await asyncio.wait_for(
    |   File "/Users/arsh/.local/share/uv/python/cpython-3.12.13-macos-aarch64-none/lib/python3.12/asyncio/tasks.py", line 520, in wait_for
    |     return await fut
    |            ^^^^^^^^^
    |   File "/Users/arsh/.local/share/uv/tools/harbor/lib/python3.12/site-packages/harbor/environments/docker/docker.py", line 908, in start
    |     await self._run_docker_compose_command(["up", "--detach", "--wait"])
    |   File "/Users/arsh/.local/share/uv/tools/harbor/lib/python3.12/site-packages/harbor/environments/docker/docker.py", line 656, in _run_docker_compose_command
    |     raise RuntimeError(
    | RuntimeError: Docker compose command failed for environment custom-memory-heap-crash. Command: docker compose --project-name custom-memory-heap-crash__8zysvsv__env --project-directory /Users/arsh/.cache/harbor/tasks/packages/terminal-bench/custom-memory-heap-crash/61e021e0304c9818a9be2c9173c8a0938ce5d136e95c5422e099f1fdb2dc080e/environment -f /private/var/folders/zd/nssb4mnx3w78_gb_p_2tsxvc0000gn/T/tmpzz9qt7pv/custom-memory-heap-crash__8zySVsV__env-docker-compose-resources.json -f /Users/arsh/.local/share/uv/tools/harbor/lib/python3.12/site-packages/harbor/environments/docker/docker-compose-prebuilt.yaml -f /private/var/folders/zd/nssb4mnx3w78_gb_p_2tsxvc0000gn/T/tmp26nx57r5/docker-compose-environment.json -f /private/var/folders/zd/nssb4mnx3w78_gb_p_2tsxvc0000gn/T/tmprh9n537t/docker-compose-mounts.json up --detach --wait. Return code: 1. Stdout:  Image alexgshaw/custom-memory-heap-crash:20251031 Pulling 
    |  dd46708295f1 Pulling fs layer 0B
    |  b2e202c15240 Pulling fs layer 0B
    |  031c4aea494f Pulling fs layer 0B
    |  cb7a778c578a Pulling fs layer 0B
    |  ad6fa6ecc133 Pulling fs layer 0B
    |  ee8bc43a5c38 Pulling fs layer 0B
    |  7f30ea32f5e3 Pulling fs layer 0B
    |  c0e8ed5d167b Pulling fs layer 0B
    |  728543a15d38 Pulling fs layer 0B
    |  d761efdeec43 Pulling fs layer 0B
    |  ad6fa6ecc133 Downloading 1.049MB
    |  ad6fa6ecc133 Downloading 4.194MB
    |  ad6fa6ecc133 Downloading 6.291MB
    |  ad6fa6ecc133 Downloading 7.34MB
    |  ad6fa6ecc133 Downloading 8.389MB
    |  ad6fa6ecc133 Downloading 11.53MB
    |  ad6fa6ecc133 Downloading 13.63MB
    |  ad6fa6ecc133 Downloading 16.78MB
    |  ad6fa6ecc133 Downloading 17.83MB
    |  ad6fa6ecc133 Downloading 18.87MB
    |  ad6fa6ecc133 Downloading 20.97MB
    |  ad6fa6ecc133 Downloading 23.07MB
    |  ad6fa6ecc133 Downloading 26.21MB
    |  ad6fa6ecc133 Downloading 28.31MB
    |  ad6fa6ecc133 Downloading 28.31MB
    |  ad6fa6ecc133 Downloading 30.41MB
    |  ad6fa6ecc133 Downloading 31.46MB
    |  ad6fa6ecc133 Downloading 32.51MB
    |  031c4aea494f Download complete 0B
    |  ad6fa6ecc133 Downloading 34.6MB
    |  ad6fa6ecc133 Downloading 34.6MB
    |  ad6fa6ecc133 Downloading 35.65MB
    |  ad6fa6ecc133 Downloading 37.75MB
    |  ad6fa6ecc133 Downloading 39.85MB
    |  b2e202c15240 Download complete 0B
    |  ad6fa6ecc133 Downloading 40.89MB
    |  ad6fa6ecc133 Downloading 40.89MB
    |  ad6fa6ecc133 Downloading 41.94MB
    |  ad6fa6ecc133 Downloading 44.04MB
    |  ad6fa6ecc133 Downloading 46.14MB
    |  dd46708295f1 Downloading 1.049MB
    |  dd46708295f1 Downloading 1.049MB
    |  ad6fa6ecc133 Downloading 47.19MB
    |  dd46708295f1 Downloading 1.049MB
    |  ad6fa6ecc133 Downloading 49.28MB
    |  dd46708295f1 Downloading 1.049MB
    |  ad6fa6ecc133 Downloading 49.28MB
    |  ad6fa6ecc133 Downloading 50.33MB
    |  dd46708295f1 Downloading 1.049MB
    |  ad6fa6ecc133 Downloading 52.43MB
    |  dd46708295f1 Downloading 1.049MB
    |  dd46708295f1 Downloading 1.049MB
    |  ad6fa6ecc133 Downloading 53.48MB
    |  dd46708295f1 Downloading 1.049MB
    |  ad6fa6ecc133 Downloading 55.57MB
    |  dd46708295f1 Downloading 1.049MB
    |  ad6fa6ecc133 Downloading 55.57MB
    |  dd46708295f1 Downloading 1.049MB
    |  ad6fa6ecc133 Downloading 56.62MB
    |  7f30ea32f5e3 Download complete 0B
    |  dd46708295f1 Downloading 1.049MB
    |  ad6fa6ecc133 Downloading 57.67MB
    |  dd46708295f1 Downloading 1.049MB
    |  ad6fa6ecc133 Downloading 59.77MB
    |  dd46708295f1 Downloading 2.097MB
    |  ad6fa6ecc133 Downloading 61.87MB
    |  ee8bc43a5c38 Download complete 0B
    |  dd46708295f1 Downloading 2.097MB
    |  ad6fa6ecc133 Downloading 61.87MB
    |  dd46708295f1 Downloading 2.097MB
    |  ad6fa6ecc133 Downloading 62.91MB
    |  dd46708295f1 Downloading 2.097MB
    |  ad6fa6ecc133 Downloading 65.01MB
    |  ad6fa6ecc133 Downloading 67.11MB
    |  dd46708295f1 Downloading 2.097MB
    |  dd46708295f1 Downloading 2.097MB
    |  ad6fa6ecc133 Downloading 68.16MB
    |  dd46708295f1 Downloading 2.097MB
    |  ad6fa6ecc133 Downloading 69.21MB
    |  ad6fa6ecc133 Downloading 69.21MB
    |  dd46708295f1 Downloading 2.097MB
    |  dd46708295f1 Downloading 2.097MB
    |  ad6fa6ecc133 Downloading 70.25MB
    |  dd46708295f1 Downloading 2.097MB
    |  ad6fa6ecc133 Downloading 72.35MB
    |  dd46708295f1 Downloading 2.097MB
    |  ad6fa6ecc133 Downloading 74.45MB
    |  dd46708295f1 Downloading 2.097MB
    |  ad6fa6ecc133 Downloading 76.55MB
    |  dd46708295f1 Downloading 2.097MB
    |  ad6fa6ecc133 Downloading 76.55MB
    |  ad6fa6ecc133 Downloading 77.59MB
    |  dd46708295f1 Downloading 3.146MB
    |  cb7a778c578a Downloading 1.049MB
    |  dd46708295f1 Downloading 3.146MB
    |  ad6fa6ecc133 Downloading 78.64MB
    |  dd46708295f1 Downloading 3.146MB
    |  ad6fa6ecc133 Downloading 80.74MB
    |  cb7a778c578a Downloading 1.049MB
    |  cb7a778c578a Downloading 1.049MB
    |  dd46708295f1 Downloading 3.146MB
    |  ad6fa6ecc133 Downloading 80.74MB
    |  cb7a778c578a Downloading 1.049MB
    |  dd46708295f1 Downloading 3.146MB
    |  ad6fa6ecc133 Downloading 80.74MB
    |  cb7a778c578a Downloading 1.049MB
    |  dd46708295f1 Downloading 3.146MB
    |  ad6fa6ecc133 Downloading 81.79MB
    |  ad6fa6ecc133 Downloading 83.89MB
    |  cb7a778c578a Downloading 1.049MB
    |  dd46708295f1 Downloading 3.146MB
    |  dd46708295f1 Downloading 3.146MB
    |  ad6fa6ecc133 Downloading 84.93MB
    |  cb7a778c578a Downloading 1.049MB
    |  dd46708295f1 Downloading 3.146MB
    |  ad6fa6ecc133 Downloading 85.98MB
    |  cb7a778c578a Downloading 2.097MB
    |  cb7a778c578a Downloading 2.097MB
    |  dd46708295f1 Downloading 3.146MB
    |  ad6fa6ecc133 Downloading 85.98MB
    |  cb7a778c578a Downloading 2.097MB
    |  dd46708295f1 Downloading 3.146MB
    |  ad6fa6ecc133 Downloading 87.03MB
    |  dd46708295f1 Downloading 3.146MB
    |  ad6fa6ecc133 Downloading 88.08MB
    |  cb7a778c578a Downloading 2.097MB
    |  dd46708295f1 Downloading 3.146MB
    |  ad6fa6ecc133 Downloading 89.13MB
    |  cb7a778c578a Downloading 2.097MB
    |  cb7a778c578a Downloading 2.097MB
    |  dd46708295f1 Downloading 3.146MB
    |  ad6fa6ecc133 Downloading 91.23MB
    |  cb7a778c578a Downloading 2.097MB
    |  dd46708295f1 Downloading 3.146MB
    |  ad6fa6ecc133 Downloading 91.23MB
    |  ad6fa6ecc133 Downloading 92.27MB
    |  cb7a778c578a Downloading 3.146MB
    |  dd46708295f1 Downloading 4.194MB
    |  cb7a778c578a Downloading 3.146MB
    |  dd46708295f1 Downloading 4.194MB
    |  ad6fa6ecc133 Downloading 93.32MB
    |  cb7a778c578a Downloading 3.146MB
    |  dd46708295f1 Downloading 4.194MB
    |  ad6fa6ecc133 Downloading 94.37MB
    |  cb7a778c578a Downloading 3.146MB
    |  dd46708295f1 Downloading 4.194MB
    |  ad6fa6ecc133 Downloading 95.42MB
    |  cb7a778c578a Downloading 3.146MB
    |  dd46708295f1 Downloading 4.194MB
    |  ad6fa6ecc133 Downloading 96.47MB
    |  dd46708295f1 Downloading 4.194MB
    |  ad6fa6ecc133 Downloading 96.47MB
    |  cb7a778c578a Downloading 3.146MB
    |  ad6fa6ecc133 Downloading 98.57MB
    |  cb7a778c578a Downloading 4.194MB
    |  dd46708295f1 Downloading 4.194MB
    |  ad6fa6ecc133 Downloading 100.7MB
    |  cb7a778c578a Downloading 4.194MB
    |  dd46708295f1 Downloading 4.194MB
    |  dd46708295f1 Downloading 4.194MB
    |  ad6fa6ecc133 Downloading 101.7MB
    |  cb7a778c578a Downloading 4.194MB
    |  ad6fa6ecc133 Downloading 103.8MB
    |  cb7a778c578a Downloading 5.243MB
    |  dd46708295f1 Downloading 4.194MB
    |  cb7a778c578a Downloading 5.243MB
    |  dd46708295f1 Downloading 4.194MB
    |  ad6fa6ecc133 Downloading 103.8MB
    |  dd46708295f1 Downloading 4.194MB
    |  ad6fa6ecc133 Downloading 105.9MB
    |  cb7a778c578a Downloading 5.243MB
    |  dd46708295f1 Downloading 4.194MB
    |  ad6fa6ecc133 Downloading 108MB
    |  cb7a778c578a Downloading 5.243MB
    |  dd46708295f1 Downloading 4.194MB
    |  ad6fa6ecc133 Downloading 109.1MB
    |  cb7a778c578a Downloading 6.291MB
    |  dd46708295f1 Downloading 5.243MB
    |  ad6fa6ecc133 Downloading 111.1MB
    |  cb7a778c578a Downloading 6.291MB
    |  ad6fa6ecc133 Downloading 111.1MB
    |  cb7a778c578a Downloading 6.291MB
    |  dd46708295f1 Downloading 5.243MB
    |  cb7a778c578a Downloading 6.291MB
    |  dd46708295f1 Downloading 5.243MB
    |  ad6fa6ecc133 Downloading 112.2MB
    |  dd46708295f1 Downloading 5.243MB
    |  ad6fa6ecc133 Downloading 114.3MB
    |  cb7a778c578a Downloading 7.34MB
    |  dd46708295f1 Downloading 5.243MB
    |  ad6fa6ecc133 Downloading 117.4MB
    |  cb7a778c578a Downloading 7.34MB
    |  dd46708295f1 Downloading 5.243MB
    |  ad6fa6ecc133 Downloading 119.5MB
    |  cb7a778c578a Downloading 8.389MB
    |  dd46708295f1 Downloading 5.243MB
    |  ad6fa6ecc133 Downloading 119.5MB
    |  cb7a778c578a Downloading 8.389MB
    |  dd46708295f1 Downloading 5.243MB
    |  ad6fa6ecc133 Downloading 120.6MB
    |  cb7a778c578a Downloading 8.389MB
    |  dd46708295f1 Downloading 5.243MB
    |  ad6fa6ecc133 Downloading 121.6MB
    |  cb7a778c578a Downloading 8.389MB
    |  dd46708295f1 Downloading 5.243MB
    |  ad6fa6ecc133 Downloading 123.7MB
    |  cb7a778c578a Downloading 9.437MB
    |  cb7a778c578a Downloading 9.437MB
    |  dd46708295f1 Downloading 5.243MB
    |  ad6fa6ecc133 Downloading 125.8MB
    |  dd46708295f1 Downloading 6.291MB
    |  ad6fa6ecc133 Downloading 126.9MB
    |  cb7a778c578a Downloading 9.437MB
    |  dd46708295f1 Downloading 6.291MB
    |  ad6fa6ecc133 Downloading 126.9MB
    |  cb7a778c578a Downloading 9.437MB
    |  dd46708295f1 Downloading 6.291MB
    |  ad6fa6ecc133 Downloading 129MB
    |  cb7a778c578a Downloading 10.49MB
    |  dd46708295f1 Downloading 6.291MB
    |  ad6fa6ecc133 Downloading 131.1MB
    |  cb7a778c578a Downloading 10.49MB
    |  dd46708295f1 Downloading 6.291MB
    |  ad6fa6ecc133 Downloading 133.2MB
    |  cb7a778c578a Downloading 10.49MB
    |  dd46708295f1 Downloading 6.291MB
    |  ad6fa6ecc133 Downloading 134.2MB
    |  cb7a778c578a Downloading 11.53MB
    |  ad6fa6ecc133 Downloading 134.2MB
    |  cb7a778c578a Downloading 11.53MB
    |  dd46708295f1 Downloading 6.291MB
    |  dd46708295f1 Downloading 6.291MB
    |  ad6fa6ecc133 Downloading 135.3MB
    |  cb7a778c578a Downloading 11.53MB
    |  cb7a778c578a Downloading 12.58MB
    |  dd46708295f1 Downloading 6.291MB
    |  ad6fa6ecc133 Downloading 136.3MB
    |  dd46708295f1 Downloading 6.291MB
    |  ad6fa6ecc133 Downloading 136.3MB
    |  cb7a778c578a Downloading 12.58MB
    |  ad6fa6ecc133 Downloading 137.4MB
    |  cb7a778c578a Downloading 12.58MB
    |  dd46708295f1 Downloading 6.291MB
    |  dd46708295f1 Downloading 6.291MB
    |  ad6fa6ecc133 Downloading 137.4MB
    |  cb7a778c578a Downloading 12.58MB
    |  ad6fa6ecc133 Downloading 138.4MB
    |  cb7a778c578a Downloading 13.63MB
    |  dd46708295f1 Downloading 7.34MB
    |  dd46708295f1 Downloading 7.34MB
    |  ad6fa6ecc133 Downloading 140.5MB
    |  cb7a778c578a Downloading 13.63MB
    |  cb7a778c578a Downloading 13.63MB
    |  dd46708295f1 Downloading 7.34MB
    |  ad6fa6ecc133 Downloading 142.6MB
    |  cb7a778c578a Downloading 14.68MB
    |  dd46708295f1 Downloading 7.34MB
    |  ad6fa6ecc133 Downloading 144.7MB
    |  dd46708295f1 Downloading 7.34MB
    |  ad6fa6ecc133 Downloading 144.7MB
    |  cb7a778c578a Downloading 14.68MB
    |  dd46708295f1 Downloading 7.34MB
    |  ad6fa6ecc133 Downloading 145.8MB
    |  cb7a778c578a Downloading 14.68MB
    |  dd46708295f1 Downloading 7.34MB
    |  ad6fa6ecc133 Downloading 147.8MB
    |  cb7a778c578a Downloading 15.73MB
    |  dd46708295f1 Downloading 7.34MB
    |  ad6fa6ecc133 Downloading 149.9MB
    |  cb7a778c578a Downloading 15.73MB
    |  dd46708295f1 Downloading 8.389MB
    |  ad6fa6ecc133 Downloading 152MB
    |  cb7a778c578a Downloading 16.78MB
    |  dd46708295f1 Downloading 8.389MB
    |  ad6fa6ecc133 Downloading 153.1MB
    |  cb7a778c578a Downloading 16.78MB
    |  cb7a778c578a Downloading 16.78MB
    |  dd46708295f1 Downloading 8.389MB
    |  ad6fa6ecc133 Downloading 153.1MB
    |  dd46708295f1 Downloading 8.389MB
    |  ad6fa6ecc133 Downloading 156.2MB
    |  cb7a778c578a Downloading 16.78MB
    |  dd46708295f1 Downloading 8.389MB
    |  ad6fa6ecc133 Downloading 158.3MB
    |  cb7a778c578a Downloading 17.83MB
    |  ad6fa6ecc133 Downloading 160.4MB
    |  cb7a778c578a Downloading 17.83MB
    |  dd46708295f1 Downloading 8.389MB
    |  cb7a778c578a Downloading 17.83MB
    |  dd46708295f1 Downloading 8.389MB
    |  ad6fa6ecc133 Downloading 162.5MB
    |  dd46708295f1 Downloading 8.389MB
    |  ad6fa6ecc133 Downloading 162.5MB
    |  cb7a778c578a Downloading 17.83MB
    |  ad6fa6ecc133 Downloading 163.6MB
    |  cb7a778c578a Downloading 17.83MB
    |  dd46708295f1 Downloading 8.389MB
    |  dd46708295f1 Downloading 9.437MB
    |  ad6fa6ecc133 Downloading 165.7MB
    |  cb7a778c578a Downloading 18.87MB
    |  cb7a778c578a Downloading 18.87MB
    |  dd46708295f1 Downloading 9.437MB
    |  ad6fa6ecc133 Downloading 167.8MB
    |  dd46708295f1 Downloading 9.437MB
    |  ad6fa6ecc133 Downloading 169.9MB
    |  cb7a778c578a Downloading 19.92MB
    |  cb7a778c578a Downloading 19.92MB
    |  dd46708295f1 Downloading 9.437MB
    |  ad6fa6ecc133 Downloading 170.9MB
    |  dd46708295f1 Downloading 9.437MB
    |  ad6fa6ecc133 Downloading 172MB
    |  cb7a778c578a Downloading 19.92MB
    |  ad6fa6ecc133 Downloading 174.6MB
    |  cb7a778c578a Downloading 20.97MB
    |  dd46708295f1 Downloading 9.437MB
    |  cb7a778c578a Downloading 20.97MB
    |  dd46708295f1 Downloading 9.437MB
    |  ad6fa6ecc133 Downloading 177.2MB
    |  ad6fa6ecc133 Downloading 179.3MB
    |  cb7a778c578a Downloading 20.97MB
    |  dd46708295f1 Downloading 9.437MB
    |  cb7a778c578a Downloading 20.97MB
    |  dd46708295f1 Downloading 9.437MB
    |  ad6fa6ecc133 Downloading 179.3MB
    |  dd46708295f1 Downloading 10.49MB
    |  ad6fa6ecc133 Downloading 179.3MB
    |  cb7a778c578a Downloading 20.97MB
    |  ad6fa6ecc133 Downloading 182.5MB
    |  cb7a778c578a Downloading 22.02MB
    |  dd46708295f1 Downloading 10.49MB
    |  dd46708295f1 Downloading 10.49MB
    |  ad6fa6ecc133 Downloading 184.5MB
    |  cb7a778c578a Downloading 22.02MB
    |  dd46708295f1 Downloading 10.49MB
    |  ad6fa6ecc133 Downloading 186.6MB
    |  cb7a778c578a Downloading 23.07MB
    |  ad6fa6ecc133 Downloading 187.7MB
    |  cb7a778c578a Downloading 23.07MB
    |  dd46708295f1 Downloading 10.49MB
    |  ad6fa6ecc133 Downloading 188.7MB
    |  cb7a778c578a Downloading 23.07MB
    |  dd46708295f1 Downloading 10.49MB
    |  dd46708295f1 Downloading 10.49MB
    |  ad6fa6ecc133 Downloading 190.8MB
    |  cb7a778c578a Downloading 23.07MB
    |  ad6fa6ecc133 Downloading 192.9MB
    |  cb7a778c578a Downloading 24.12MB
    |  dd46708295f1 Downloading 10.49MB
    |  dd46708295f1 Downloading 11.53MB
    |  ad6fa6ecc133 Downloading 195MB
    |  cb7a778c578a Downloading 24.12MB
    |  dd46708295f1 Downloading 11.53MB
    |  ad6fa6ecc133 Downloading 197.1MB
    |  cb7a778c578a Downloading 24.12MB
    |  dd46708295f1 Downloading 11.53MB
    |  ad6fa6ecc133 Downloading 197.1MB
    |  cb7a778c578a Downloading 24.12MB
    |  cb7a778c578a Downloading 25.17MB
    |  dd46708295f1 Downloading 11.53MB
    |  ad6fa6ecc133 Downloading 199.2MB
    |  dd46708295f1 Downloading 11.53MB
    |  ad6fa6ecc133 Downloading 200.3MB
    |  cb7a778c578a Downloading 25.17MB
    |  dd46708295f1 Downloading 11.53MB
    |  ad6fa6ecc133 Downloading 202.4MB
    |  cb7a778c578a Downloading 26.21MB
    |  dd46708295f1 Downloading 11.53MB
    |  ad6fa6ecc133 Downloading 203.8MB
    |  cb7a778c578a Downloading 26.21MB
    |  dd46708295f1 Downloading 12.58MB
    |  ad6fa6ecc133 Download complete 0B
    |  cb7a778c578a Downloading 27.26MB
    |  728543a15d38 Downloading 1.049MB
    |  dd46708295f1 Downloading 12.58MB
    |  cb7a778c578a Downloading 27.26MB
    |  728543a15d38 Downloading 1.049MB
    |  dd46708295f1 Downloading 12.58MB
    |  cb7a778c578a Downloading 28.31MB
    |  728543a15d38 Downloading 3.146MB
    |  cb7a778c578a Downloading 28.31MB
    |  728543a15d38 Downloading 3.146MB
    |  dd46708295f1 Downloading 12.58MB
    |  dd46708295f1 Downloading 12.58MB
    |  cb7a778c578a Downloading 28.31MB
    |  728543a15d38 Downloading 4.194MB
    |  cb7a778c578a Downloading 29.36MB
    |  728543a15d38 Downloading 5.243MB
    |  dd46708295f1 Downloading 12.58MB
    |  cb7a778c578a Downloading 29.36MB
    |  728543a15d38 Downloading 7.34MB
    |  dd46708295f1 Downloading 13.63MB
    |  cb7a778c578a Downloading 30.41MB
    |  728543a15d38 Downloading 9.437MB
    |  dd46708295f1 Downloading 13.63MB
    |  cb7a778c578a Downloading 30.41MB
    |  728543a15d38 Downloading 9.437MB
    |  dd46708295f1 Downloading 13.63MB
    |  dd46708295f1 Downloading 13.63MB
    |  cb7a778c578a Downloading 30.41MB
    |  728543a15d38 Downloading 10.49MB
    |  dd46708295f1 Downloading 13.63MB
    |  cb7a778c578a Downloading 31.46MB
    |  728543a15d38 Downloading 11.53MB
    |  cb7a778c578a Downloading 31.46MB
    |  728543a15d38 Downloading 13.63MB
    |  dd46708295f1 Downloading 13.63MB
    |  cb7a778c578a Downloading 32.51MB
    |  728543a15d38 Downloading 14.68MB
    |  dd46708295f1 Downloading 14.68MB
    |  cb7a778c578a Downloading 33.55MB
    |  728543a15d38 Downloading 18.87MB
    |  dd46708295f1 Downloading 14.68MB
    |  dd46708295f1 Downloading 14.68MB
    |  cb7a778c578a Downloading 34.6MB
    |  728543a15d38 Downloading 19.92MB
    |  dd46708295f1 Downloading 15.73MB
    |  cb7a778c578a Downloading 35.65MB
    |  728543a15d38 Downloading 22.02MB
    |  dd46708295f1 Downloading 15.73MB
    |  cb7a778c578a Downloading 35.65MB
    |  728543a15d38 Downloading 23.07MB
    |  dd46708295f1 Downloading 15.73MB
    |  cb7a778c578a Downloading 35.65MB
    |  728543a15d38 Downloading 23.07MB
    |  728543a15d38 Downloading 24.12MB
    |  dd46708295f1 Downloading 15.73MB
    |  cb7a778c578a Downloading 36.7MB
    |  cb7a778c578a Downloading 36.7MB
    |  728543a15d38 Downloading 26.21MB
    |  dd46708295f1 Downloading 15.73MB
    |  cb7a778c578a Downloading 37.75MB
    |  728543a15d38 Downloading 27.26MB
    |  dd46708295f1 Downloading 15.73MB
    |  728543a15d38 Downloading 28.31MB
    |  dd46708295f1 Downloading 16.78MB
    |  cb7a778c578a Downloading 37.75MB
    |  cb7a778c578a Downloading 37.75MB
    |  728543a15d38 Downloading 28.31MB
    |  dd46708295f1 Downloading 16.78MB
    |  dd46708295f1 Downloading 16.78MB
    |  cb7a778c578a Downloading 38.8MB
    |  728543a15d38 Downloading 29.36MB
    |  dd46708295f1 Downloading 16.78MB
    |  cb7a778c578a Downloading 39.85MB
    |  728543a15d38 Downloading 32.51MB
    |  dd46708295f1 Downloading 16.78MB
    |  cb7a778c578a Downloading 40.89MB
    |  728543a15d38 Downloading 33.55MB
    |  cb7a778c578a Downloading 40.89MB
    |  728543a15d38 Downloading 34.6MB
    |  dd46708295f1 Downloading 17.83MB
    |  cb7a778c578a Downloading 40.89MB
    |  728543a15d38 Downloading 35.65MB
    |  dd46708295f1 Downloading 17.83MB
    |  dd46708295f1 Downloading 17.83MB
    |  cb7a778c578a Downloading 41.94MB
    |  728543a15d38 Downloading 35.65MB
    |  cb7a778c578a Downloading 41.94MB
    |  728543a15d38 Downloading 37.75MB
    |  dd46708295f1 Downloading 17.83MB
    |  dd46708295f1 Downloading 17.83MB
    |  cb7a778c578a Downloading 42.99MB
    |  728543a15d38 Downloading 39.85MB
    |  dd46708295f1 Downloading 17.83MB
    |  cb7a778c578a Downloading 44.04MB
    |  728543a15d38 Downloading 40.89MB
    |  dd46708295f1 Downloading 18.87MB
    |  cb7a778c578a Downloading 44.04MB
    |  728543a15d38 Downloading 41.94MB
    |  cb7a778c578a Downloading 44.04MB
    |  728543a15d38 Downloading 41.94MB
    |  dd46708295f1 Downloading 18.87MB
    |  dd46708295f1 Downloading 18.87MB
    |  cb7a778c578a Downloading 45.09MB
    |  728543a15d38 Downloading 44.04MB
    |  dd46708295f1 Downloading 18.87MB
    |  cb7a778c578a Downloading 45.09MB
    |  728543a15d38 Downloading 45.09MB
    |  cb7a778c578a Downloading 45.09MB
    |  728543a15d38 Downloading 46.14MB
    |  dd46708295f1 Downloading 18.87MB
    |  cb7a778c578a Downloading 46.14MB
    |  728543a15d38 Downloading 48.23MB
    |  dd46708295f1 Downloading 19.92MB
    |  dd46708295f1 Downloading 19.92MB
    |  cb7a778c578a Downloading 46.14MB
    |  728543a15d38 Downloading 48.23MB
    |  728543a15d38 Downloading 49.28MB
    |  dd46708295f1 Downloading 19.92MB
    |  cb7a778c578a Downloading 46.14MB
    |  dd46708295f1 Downloading 19.92MB
    |  cb7a778c578a Downloading 47.19MB
    |  728543a15d38 Downloading 50.33MB
    |  dd46708295f1 Downloading 19.92MB
    |  cb7a778c578a Downloading 48.23MB
    |  728543a15d38 Downloading 51.38MB
    |  dd46708295f1 Downloading 20.97MB
    |  cb7a778c578a Downloading 48.23MB
    |  728543a15d38 Downloading 52.43MB
    |  dd46708295f1 Downloading 20.97MB
    |  cb7a778c578a Downloading 48.23MB
    |  728543a15d38 Downloading 52.43MB
    |  cb7a778c578a Downloading 49.28MB
    |  728543a15d38 Downloading 53.48MB
    |  dd46708295f1 Downloading 20.97MB
    |  cb7a778c578a Downloading 49.28MB
    |  728543a15d38 Downloading 53.48MB
    |  dd46708295f1 Downloading 20.97MB
    |  cb7a778c578a Downloading 50.33MB
    |  728543a15d38 Downloading 55.57MB
    |  dd46708295f1 Downloading 22.02MB
    |  cb7a778c578a Downloading 51.38MB
    |  728543a15d38 Downloading 55.57MB
    |  dd46708295f1 Downloading 22.02MB
    |  dd46708295f1 Downloading 22.02MB
    |  cb7a778c578a Downloading 51.38MB
    |  728543a15d38 Downloading 56.62MB
    |  dd46708295f1 Downloading 22.02MB
    |  cb7a778c578a Downloading 51.38MB
    |  728543a15d38 Downloading 56.62MB
    |  dd46708295f1 Downloading 22.02MB
    |  cb7a778c578a Downloading 52.43MB
    |  728543a15d38 Downloading 57.67MB
    |  cb7a778c578a Downloading 53.48MB
    |  728543a15d38 Downloading 58.72MB
    |  dd46708295f1 Downloading 23.07MB
    |  dd46708295f1 Downloading 23.07MB
    |  cb7a778c578a Downloading 53.48MB
    |  728543a15d38 Downloading 59.77MB
    |  dd46708295f1 Downloading 23.07MB
    |  cb7a778c578a Downloading 54.53MB
    |  728543a15d38 Downloading 60.82MB
    |  dd46708295f1 Downloading 23.07MB
    |  cb7a778c578a Downloading 54.53MB
    |  728543a15d38 Downloading 60.82MB
    |  dd46708295f1 Downloading 23.07MB
    |  cb7a778c578a Downloading 55.57MB
    |  728543a15d38 Downloading 61.87MB
    |  cb7a778c578a Downloading 56.62MB
    |  728543a15d38 Downloading 62.91MB
    |  dd46708295f1 Downloading 24.12MB
    |  cb7a778c578a Downloading 57.67MB
    |  728543a15d38 Downloading 63.96MB
    |  dd46708295f1 Downloading 24.12MB
    |  cb7a778c578a Downloading 58.72MB
    |  728543a15d38 Downloading 65.01MB
    |  dd46708295f1 Downloading 24.12MB
    |  dd46708295f1 Downloading 24.12MB
    |  cb7a778c578a Downloading 58.72MB
    |  728543a15d38 Downloading 65.01MB
    |  cb7a778c578a Downloading 59.77MB
    |  728543a15d38 Downloading 65.01MB
    |  dd46708295f1 Downloading 24.12MB
    |  cb7a778c578a Downloading 60.82MB
    |  728543a15d38 Downloading 66.06MB
    |  dd46708295f1 Downloading 25.17MB
    |  cb7a778c578a Downloading 61.87MB
    |  728543a15d38 Downloading 67.11MB
    |  dd46708295f1 Downloading 25.17MB
    |  dd46708295f1 Downloading 25.17MB
    |  cb7a778c578a Downloading 63.96MB
    |  728543a15d38 Downloading 68.16MB
    |  cb7a778c578a Downloading 63.96MB
    |  728543a15d38 Downloading 69.21MB
    |  dd46708295f1 Downloading 25.17MB
    |  728543a15d38 Downloading 69.21MB
    |  dd46708295f1 Downloading 26.21MB
    |  cb7a778c578a Downloading 63.96MB
    |  cb7a778c578a Downloading 66.06MB
    |  728543a15d38 Downloading 70.25MB
    |  dd46708295f1 Downloading 26.21MB
    |  dd46708295f1 Downloading 26.21MB
    |  cb7a778c578a Downloading 67.11MB
    |  728543a15d38 Downloading 72.35MB
    |  dd46708295f1 Downloading 27.26MB
    |  cb7a778c578a Downloading 68.16MB
    |  728543a15d38 Downloading 73.4MB
    |  dd46708295f1 Downloading 27.26MB
    |  cb7a778c578a Downloading 68.16MB
    |  728543a15d38 Downloading 73.4MB
    |  dd46708295f1 Downloading 27.26MB
    |  cb7a778c578a Downloading 69.21MB
    |  728543a15d38 Downloading 73.4MB
    |  dd46708295f1 Downloading 27.26MB
    |  cb7a778c578a Downloading 70.25MB
    |  728543a15d38 Downloading 75.5MB
    |  cb7a778c578a Downloading 71.3MB
    |  728543a15d38 Downloading 76.55MB
    |  dd46708295f1 Downloading 27.26MB
    |  dd46708295f1 Downloading 27.26MB
    |  cb7a778c578a Downloading 73.4MB
    |  728543a15d38 Downloading 77.59MB
    |  cb7a778c578a Downloading 73.4MB
    |  728543a15d38 Downloading 78.64MB
    |  dd46708295f1 Downloading 27.26MB
    |  dd46708295f1 Downloading 27.26MB
    |  cb7a778c578a Downloading 73.4MB
    |  728543a15d38 Downloading 78.64MB
    |  dd46708295f1 Downloading 27.26MB
    |  cb7a778c578a Downloading 74.45MB
    |  728543a15d38 Downloading 79.69MB
    |  cb7a778c578a Downloading 75.5MB
    |  728543a15d38 Downloading 81.79MB
    |  dd46708295f1 Downloading 28.31MB
    |  cb7a778c578a Downloading 77.59MB
    |  728543a15d38 Downloading 82.84MB
    |  dd46708295f1 Downloading 28.31MB
    |  dd46708295f1 Downloading 28.31MB
    |  cb7a778c578a Downloading 77.59MB
    |  728543a15d38 Downloading 83.89MB
    |  cb7a778c578a Downloading 77.59MB
    |  728543a15d38 Downloading 83.89MB
    |  dd46708295f1 Downloading 28.31MB
    |  dd46708295f1 Downloading 28.31MB
    |  cb7a778c578a Downloading 78.64MB
    |  728543a15d38 Downloading 83.89MB
    |  dd46708295f1 Downloading 28.31MB
    |  cb7a778c578a Downloading 79.69MB
    |  728543a15d38 Downloading 85.98MB
    |  cb7a778c578a Downloading 80.74MB
    |  728543a15d38 Downloading 87.03MB
    |  dd46708295f1 Downloading 28.31MB
    |  dd46708295f1 Downloading 29.36MB
    |  cb7a778c578a Downloading 81.79MB
    |  728543a15d38 Downloading 89.13MB
    |  dd46708295f1 Downloading 29.36MB
    |  cb7a778c578a Downloading 81.79MB
    |  728543a15d38 Downloading 89.13MB
    |  cb7a778c578a Downloading 82.84MB
    |  728543a15d38 Downloading 89.13MB
    |  dd46708295f1 Downloading 29.36MB
    |  cb7a778c578a Downloading 83.89MB
    |  728543a15d38 Downloading 91.23MB
    |  dd46708295f1 Downloading 29.36MB
    |  cb7a778c578a Downloading 84.93MB
    |  728543a15d38 Downloading 92.27MB
    |  dd46708295f1 Downloading 29.36MB
    |  728543a15d38 Downloading 94.37MB
    |  dd46708295f1 Downloading 29.36MB
    |  cb7a778c578a Downloading 85.98MB
    |  cb7a778c578a Downloading 85.98MB
    |  728543a15d38 Downloading 94.37MB
    |  dd46708295f1 Downloading 29.36MB
    |  dd46708295f1 Downloading 29.36MB
    |  cb7a778c578a Downloading 85.98MB
    |  728543a15d38 Downloading 95.42MB
    |  dd46708295f1 Downloading 29.36MB
    |  cb7a778c578a Downloading 87.03MB
    |  728543a15d38 Downloading 96.47MB
    |  dd46708295f1 Downloading 29.36MB
    |  cb7a778c578a Downloading 89.13MB
    |  728543a15d38 Downloading 98.57MB
    |  cb7a778c578a Downloading 90.18MB
    |  728543a15d38 Downloading 99.61MB
    |  dd46708295f1 Downloading 29.36MB
    |  cb7a778c578a Downloading 91.23MB
    |  728543a15d38 Downloading 100.7MB
    |  dd46708295f1 Downloading 30.41MB
    |  cb7a778c578a Downloading 91.23MB
    |  728543a15d38 Downloading 100.7MB
    |  dd46708295f1 Downloading 30.41MB
    |  dd46708295f1 Downloading 30.41MB
    |  cb7a778c578a Downloading 91.23MB
    |  728543a15d38 Downloading 102.8MB
    |  dd46708295f1 Downloading 30.41MB
    |  cb7a778c578a Downloading 91.23MB
    |  728543a15d38 Downloading 103.8MB
    |  dd46708295f1 Downloading 30.41MB
    |  cb7a778c578a Downloading 92.27MB
    |  728543a15d38 Downloading 105.9MB
    |  728543a15d38 Downloading 107MB
    |  dd46708295f1 Downloading 30.41MB
    |  cb7a778c578a Downloading 93.32MB
    |  dd46708295f1 Downloading 30.41MB
    |  cb7a778c578a Downloading 93.32MB
    |  728543a15d38 Downloading 107MB
    |  cb7a778c578a Downloading 94.37MB
    |  728543a15d38 Downloading 108MB
    |  dd46708295f1 Downloading 30.41MB
    |  728543a15d38 Downloading 109.1MB
    |  dd46708295f1 Downloading 30.41MB
    |  cb7a778c578a Downloading 95.42MB
    |  cb7a778c578a Downloading 96.47MB
    |  728543a15d38 Downloading 110.1MB
    |  dd46708295f1 Downloading 30.41MB
    |  cb7a778c578a Downloading 97.52MB
    |  728543a15d38 Downloading 112.2MB
    |  dd46708295f1 Downloading 30.41MB
    |  dd46708295f1 Downloading 30.41MB
    |  cb7a778c578a Downloading 98.57MB
    |  728543a15d38 Downloading 112.2MB
    |  cb7a778c578a Downloading 98.57MB
    |  728543a15d38 Downloading 113.2MB
    |  dd46708295f1 Downloading 30.41MB
    |  dd46708295f1 Downloading 31.46MB
    |  cb7a778c578a Downloading 100.7MB
    |  728543a15d38 Downloading 115.3MB
    |  cb7a778c578a Downloading 101.7MB
    |  728543a15d38 Downloading 116.4MB
    |  dd46708295f1 Downloading 31.46MB
    |  dd46708295f1 Downloading 31.46MB
    |  cb7a778c578a Downloading 102.8MB
    |  728543a15d38 Downloading 117.4MB
    |  cb7a778c578a Downloading 103.8MB
    |  728543a15d38 Downloading 119.5MB
    |  dd46708295f1 Downloading 31.46MB
    |  dd46708295f1 Downloading 31.46MB
    |  cb7a778c578a Downloading 104.9MB
    |  728543a15d38 Downloading 119.5MB
    |  728543a15d38 Downloading 120.6MB
    |  dd46708295f1 Downloading 31.46MB
    |  cb7a778c578a Downloading 105.9MB
    |  cb7a778c578a Downloading 108MB
    |  728543a15d38 Downloading 120.6MB
    |  dd46708295f1 Downloading 31.46MB
    |  cb7a778c578a Downloading 109.1MB
    |  728543a15d38 Downloading 120.6MB
    |  dd46708295f1 Downloading 31.46MB
    |  dd46708295f1 Downloading 31.46MB
    |  cb7a778c578a Downloading 110.1MB
    |  728543a15d38 Downloading 121.6MB
    |  cb7a778c578a Downloading 110.1MB
    |  728543a15d38 Downloading 121.6MB
    |  dd46708295f1 Downloading 31.46MB
    |  cb7a778c578a Downloading 111.1MB
    |  728543a15d38 Downloading 123.7MB
    |  dd46708295f1 Downloading 32.51MB
    |  cb7a778c578a Downloading 113.2MB
    |  728543a15d38 Downloading 123.7MB
    |  dd46708295f1 Downloading 32.51MB
    |  cb7a778c578a Downloading 115.3MB
    |  728543a15d38 Downloading 124.8MB
    |  dd46708295f1 Downloading 32.51MB
    |  cb7a778c578a Downloading 116.4MB
    |  728543a15d38 Downloading 125.8MB
    |  dd46708295f1 Downloading 32.51MB
    |  dd46708295f1 Downloading 32.51MB
    |  cb7a778c578a Downloading 116.4MB
    |  728543a15d38 Downloading 125.8MB
    |  cb7a778c578a Downloading 117.4MB
    |  728543a15d38 Downloading 126.9MB
    |  dd46708295f1 Downloading 32.51MB
    |  728543a15d38 Downloading 127.9MB
    |  dd46708295f1 Downloading 32.51MB
    |  cb7a778c578a Downloading 119.5MB
    |  cb7a778c578a Downloading 121.6MB
    |  728543a15d38 Downloading 129MB
    |  dd46708295f1 Downloading 32.51MB
    |  dd46708295f1 Downloading 33.55MB
    |  cb7a778c578a Downloading 122.7MB
    |  728543a15d38 Downloading 130MB
    |  cb7a778c578a Downloading 123.7MB
    |  728543a15d38 Downloading 130MB
    |  dd46708295f1 Downloading 33.55MB
    |  dd46708295f1 Downloading 33.55MB
    |  cb7a778c578a Downloading 123.7MB
    |  728543a15d38 Downloading 130MB
    |  dd46708295f1 Downloading 33.55MB
    |  cb7a778c578a Downloading 124.8MB
    |  728543a15d38 Downloading 131.1MB
    |  dd46708295f1 Downloading 33.55MB
    |  cb7a778c578a Downloading 126.9MB
    |  728543a15d38 Downloading 132.1MB
    |  dd46708295f1 Downloading 33.55MB
    |  cb7a778c578a Downloading 127.9MB
    |  728543a15d38 Downloading 132.1MB
    |  dd46708295f1 Downloading 33.55MB
    |  cb7a778c578a Downloading 127.9MB
    |  728543a15d38 Downloading 132.1MB
    |  728543a15d38 Downloading 133.2MB
    |  dd46708295f1 Downloading 33.55MB
    |  cb7a778c578a Downloading 129MB
    |  cb7a778c578a Downloading 130MB
    |  728543a15d38 Downloading 133.2MB
    |  dd46708295f1 Downloading 33.55MB
    |  dd46708295f1 Downloading 33.55MB
    |  cb7a778c578a Downloading 131.1MB
    |  728543a15d38 Downloading 134.2MB
    |  cb7a778c578a Downloading 132.1MB
    |  728543a15d38 Downloading 135.3MB
    |  dd46708295f1 Downloading 33.55MB
    |  dd46708295f1 Downloading 33.55MB
    |  cb7a778c578a Downloading 133.2MB
    |  728543a15d38 Downloading 135.3MB
    |  728543a15d38 Downloading 135.3MB
    |  dd46708295f1 Downloading 33.55MB
    |  cb7a778c578a Downloading 133.2MB
    |  dd46708295f1 Downloading 34.6MB
    |  cb7a778c578a Downloading 134.2MB
    |  728543a15d38 Downloading 136.3MB
    |  dd46708295f1 Downloading 34.6MB
    |  cb7a778c578a Downloading 136.3MB
    |  728543a15d38 Downloading 137.4MB
    |  dd46708295f1 Downloading 34.6MB
    |  cb7a778c578a Downloading 137.4MB
    |  728543a15d38 Downloading 137.4MB
    |  cb7a778c578a Downloading 138MB
    |  728543a15d38 Downloading 138.4MB
    |  dd46708295f1 Downloading 34.6MB
    |  dd46708295f1 Downloading 34.6MB
    |  cb7a778c578a Download complete 0B
    |  728543a15d38 Downloading 139.5MB
    |  dd46708295f1 Downloading 34.6MB
    |  728543a15d38 Downloading 139.5MB
    |  728543a15d38 Downloading 140.5MB
    |  d761efdeec43 Download complete 0B
    |  dd46708295f1 Downloading 34.6MB
    |  728543a15d38 Downloading 141.6MB
    |  dd46708295f1 Downloading 34.6MB
    |  dd46708295f1 Downloading 34.6MB
    |  728543a15d38 Downloading 141.6MB
    |  dd46708295f1 Downloading 35.65MB
    |  c0e8ed5d167b Download complete 0B
    |  728543a15d38 Downloading 145.8MB
    |  dd46708295f1 Downloading 35.65MB
    |  728543a15d38 Downloading 145.8MB
    |  dd46708295f1 Downloading 36.7MB
    |  728543a15d38 Downloading 146.8MB
    |  728543a15d38 Downloading 147.8MB
    |  dd46708295f1 Downloading 36.7MB
    |  dd46708295f1 Downloading 36.7MB
    |  728543a15d38 Downloading 148.9MB
    |  dd46708295f1 Downloading 36.7MB
    |  728543a15d38 Downloading 148.9MB
    |  728543a15d38 Downloading 149.9MB
    |  dd46708295f1 Downloading 36.7MB
    |  dd46708295f1 Downloading 37.75MB
    |  728543a15d38 Downloading 151MB
    |  dd46708295f1 Downloading 37.75MB
    |  728543a15d38 Downloading 153.1MB
    |  dd46708295f1 Downloading 37.75MB
    |  728543a15d38 Downloading 154.1MB
    |  728543a15d38 Downloading 154.1MB
    |  dd46708295f1 Downloading 37.75MB
    |  dd46708295f1 Downloading 37.75MB
    |  728543a15d38 Downloading 155.2MB
    |  dd46708295f1 Downloading 38.8MB
    |  728543a15d38 Downloading 157.3MB
    |  728543a15d38 Downloading 158.3MB
    |  dd46708295f1 Downloading 38.8MB
    |  728543a15d38 Downloading 159.4MB
    |  dd46708295f1 Downloading 38.8MB
    |  728543a15d38 Downloading 160.4MB
    |  dd46708295f1 Downloading 38.8MB
    |  dd46708295f1 Downloading 39.85MB
    |  728543a15d38 Downloading 161.5MB
    |  dd46708295f1 Downloading 39.85MB
    |  728543a15d38 Downloading 162.5MB
    |  728543a15d38 Downloading 164.6MB
    |  dd46708295f1 Downloading 40.89MB
    |  728543a15d38 Downloading 166.7MB
    |  dd46708295f1 Downloading 40.89MB
    |  728543a15d38 Downloading 166.7MB
    |  dd46708295f1 Downloading 40.89MB
    |  728543a15d38 Downloading 167.8MB
    |  dd46708295f1 Downloading 40.89MB
    |  dd46708295f1 Downloading 41.94MB
    |  728543a15d38 Downloading 169.9MB
    |  728543a15d38 Downloading 172MB
    |  dd46708295f1 Downloading 41.94MB
    |  728543a15d38 Downloading 174.1MB
    |  dd46708295f1 Downloading 42.99MB
    |  728543a15d38 Downloading 175.1MB
    |  dd46708295f1 Downloading 42.99MB
    |  728543a15d38 Downloading 176.2MB
    |  dd46708295f1 Downloading 42.99MB
    |  728543a15d38 Downloading 177.2MB
    |  dd46708295f1 Downloading 44.04MB
    |  728543a15d38 Downloading 179.3MB
    |  dd46708295f1 Downloading 44.04MB
    |  dd46708295f1 Downloading 45.09MB
    |  728543a15d38 Downloading 181.4MB
    |  dd46708295f1 Downloading 45.09MB
    |  728543a15d38 Downloading 183.5MB
    |  dd46708295f1 Downloading 45.09MB
    |  728543a15d38 Downloading 183.5MB
    |  dd46708295f1 Downloading 45.09MB
    |  728543a15d38 Downloading 184.5MB
    |  dd46708295f1 Downloading 45.09MB
    |  728543a15d38 Downloading 186.6MB
    |  728543a15d38 Downloading 188.7MB
    |  dd46708295f1 Downloading 46.14MB
    |  dd46708295f1 Downloading 46.14MB
    |  728543a15d38 Downloading 190.8MB
    |  dd46708295f1 Downloading 46.14MB
    |  728543a15d38 Downloading 190.8MB
    |  728543a15d38 Downloading 191.9MB
    |  dd46708295f1 Downloading 47.19MB
    |  dd46708295f1 Downloading 47.19MB
    |  728543a15d38 Downloading 195MB
    |  728543a15d38 Downloading 197.1MB
    |  dd46708295f1 Downloading 48.23MB
    |  728543a15d38 Downloading 199.2MB
    |  dd46708295f1 Downloading 48.23MB
    |  dd46708295f1 Downloading 48.23MB
    |  728543a15d38 Downloading 199.2MB
    |  728543a15d38 Downloading 200.3MB
    |  dd46708295f1 Downloading 48.23MB
    |  dd46708295f1 Downloading 49.28MB
    |  728543a15d38 Downloading 202.4MB
    |  728543a15d38 Downloading 205.5MB
    |  dd46708295f1 Downloading 50.33MB
    |  728543a15d38 Downloading 206.6MB
    |  dd46708295f1 Downloading 50.33MB
    |  728543a15d38 Downloading 207.6MB
    |  dd46708295f1 Downloading 50.33MB
    |  728543a15d38 Downloading 207.6MB
    |  dd46708295f1 Downloading 50.33MB
    |  728543a15d38 Downloading 210.8MB
    |  dd46708295f1 Downloading 51.38MB
    |  dd46708295f1 Downloading 51.38MB
    |  728543a15d38 Downloading 212.9MB
    |  728543a15d38 Downloading 215MB
    |  dd46708295f1 Downloading 52.43MB
    |  dd46708295f1 Downloading 52.43MB
    |  728543a15d38 Downloading 216MB
    |  728543a15d38 Downloading 217.1MB
    |  dd46708295f1 Downloading 52.43MB
    |  dd46708295f1 Downloading 53.48MB
    |  728543a15d38 Downloading 219.2MB
    |  728543a15d38 Downloading 221.2MB
    |  dd46708295f1 Downloading 53.48MB
    |  dd46708295f1 Downloading 53.48MB
    |  728543a15d38 Downloading 222.3MB
    |  728543a15d38 Downloading 224.4MB
    |  dd46708295f1 Downloading 54.53MB
    |  728543a15d38 Downloading 224.4MB
    |  dd46708295f1 Downloading 54.53MB
    |  728543a15d38 Downloading 225.4MB
    |  dd46708295f1 Downloading 54.53MB
    |  dd46708295f1 Downloading 55.57MB
    |  728543a15d38 Downloading 226.5MB
    |  728543a15d38 Downloading 228.6MB
    |  dd46708295f1 Downloading 55.57MB
    |  dd46708295f1 Downloading 56.62MB
    |  728543a15d38 Downloading 231.7MB
    |  728543a15d38 Downloading 232.8MB
    |  dd46708295f1 Downloading 56.62MB
    |  dd46708295f1 Downloading 56.62MB
    |  728543a15d38 Downloading 233.8MB
    |  728543a15d38 Downloading 235.9MB
    |  dd46708295f1 Downloading 57.67MB
    |  dd46708295f1 Downloading 57.67MB
    |  728543a15d38 Downloading 239.1MB
    |  dd46708295f1 Downloading 58.72MB
    |  728543a15d38 Downloading 241.2MB
    |  dd46708295f1 Downloading 58.72MB
    |  728543a15d38 Downloading 241.2MB
    |  dd46708295f1 Downloading 58.72MB
    |  728543a15d38 Downloading 242.2MB
    |  728543a15d38 Downloading 244.3MB
    |  dd46708295f1 Downloading 59.77MB
    |  dd46708295f1 Downloading 59.77MB
    |  728543a15d38 Downloading 246.4MB
    |  dd46708295f1 Downloading 60.82MB
    |  728543a15d38 Downloading 249.6MB
    |  728543a15d38 Downloading 250.6MB
    |  dd46708295f1 Downloading 60.82MB
    |  728543a15d38 Downloading 250.6MB
    |  dd46708295f1 Downloading 60.82MB
    |  728543a15d38 Downloading 253.8MB
    |  dd46708295f1 Downloading 61.87MB
    |  dd46708295f1 Downloading 61.87MB
    |  728543a15d38 Downloading 254.8MB
    |  728543a15d38 Downloading 256.9MB
    |  dd46708295f1 Downloading 62.91MB
    |  728543a15d38 Downloading 259MB
    |  dd46708295f1 Downloading 62.91MB
    |  728543a15d38 Downloading 259MB
    |  dd46708295f1 Downloading 62.91MB
    |  728543a15d38 Downloading 260MB
    |  dd46708295f1 Downloading 63.96MB
    |  728543a15d38 Downloading 262.1MB
    |  dd46708295f1 Downloading 63.96MB
    |  728543a15d38 Downloading 263.2MB
    |  dd46708295f1 Downloading 65.01MB
    |  728543a15d38 Downloading 265.3MB
    |  dd46708295f1 Downloading 66.06MB
    |  dd46708295f1 Downloading 66.06MB
    |  728543a15d38 Downloading 267.4MB
    |  728543a15d38 Downloading 267.4MB
    |  dd46708295f1 Downloading 66.06MB
    |  728543a15d38 Downloading 269.5MB
    |  dd46708295f1 Downloading 67.11MB
    |  728543a15d38 Downloading 271.6MB
    |  dd46708295f1 Downloading 67.11MB
    |  dd46708295f1 Downloading 68.16MB
    |  728543a15d38 Downloading 273.7MB
    |  728543a15d38 Downloading 274.7MB
    |  dd46708295f1 Downloading 68.16MB
    |  728543a15d38 Downloading 274.7MB
    |  dd46708295f1 Downloading 68.16MB
    |  728543a15d38 Downloading 276.8MB
    |  dd46708295f1 Downloading 68.16MB
    |  dd46708295f1 Downloading 69.21MB
    |  728543a15d38 Downloading 278.9MB
    |  728543a15d38 Downloading 281MB
    |  dd46708295f1 Downloading 70.25MB
    |  728543a15d38 Downloading 282.1MB
    |  dd46708295f1 Downloading 70.25MB
    |  dd46708295f1 Downloading 70.25MB
    |  728543a15d38 Downloading 282.1MB
    |  dd46708295f1 Downloading 71.3MB
    |  728543a15d38 Downloading 284.2MB
    |  dd46708295f1 Downloading 71.3MB
    |  728543a15d38 Downloading 287.3MB
    |  dd46708295f1 Downloading 71.3MB
    |  728543a15d38 Downloading 288.4MB
    |  728543a15d38 Downloading 289.4MB
    |  dd46708295f1 Downloading 71.3MB
    |  728543a15d38 Downloading 290.5MB
    |  dd46708295f1 Downloading 71.3MB
    |  dd46708295f1 Downloading 72.35MB
    |  728543a15d38 Downloading 292.6MB
    |  728543a15d38 Downloading 294.6MB
    |  dd46708295f1 Downloading 72.35MB
    |  728543a15d38 Downloading 297.8MB
    |  dd46708295f1 Downloading 73.4MB
    |  728543a15d38 Downloading 298.8MB
    |  dd46708295f1 Downloading 73.4MB
    |  728543a15d38 Downloading 298.8MB
    |  dd46708295f1 Downloading 73.4MB
    |  728543a15d38 Downloading 300.9MB
    |  dd46708295f1 Downloading 73.4MB
    |  728543a15d38 Downloading 303MB
    |  dd46708295f1 Downloading 74.45MB
    |  dd46708295f1 Downloading 74.45MB
    |  728543a15d38 Downloading 304.1MB
    |  dd46708295f1 Downloading 75.5MB
    |  728543a15d38 Downloading 306.2MB
    |  dd46708295f1 Downloading 75.5MB
    |  728543a15d38 Downloading 307.2MB
    |  728543a15d38 Downloading 307.2MB
    |  dd46708295f1 Downloading 75.5MB
    |  728543a15d38 Downloading 309.3MB
    |  dd46708295f1 Downloading 75.5MB
    |  728543a15d38 Downloading 311.4MB
    |  dd46708295f1 Downloading 76.55MB
    |  dd46708295f1 Downloading 76.55MB
    |  728543a15d38 Downloading 312.5MB
    |  728543a15d38 Downloading 314.6MB
    |  dd46708295f1 Downloading 76.55MB
    |  728543a15d38 Downloading 314.6MB
    |  dd46708295f1 Downloading 77.59MB
    |  dd46708295f1 Downloading 77.59MB
    |  728543a15d38 Downloading 315.6MB
    |  dd46708295f1 Downloading 77.59MB
    |  728543a15d38 Downloading 317.7MB
    |  728543a15d38 Downloading 318.8MB
    |  dd46708295f1 Downloading 78.64MB
    |  dd46708295f1 Downloading 78.64MB
    |  728543a15d38 Downloading 318.8MB
    |  dd46708295f1 Downloading 78.64MB
    |  728543a15d38 Downloading 319.8MB
    |  dd46708295f1 Downloading 78.64MB
    |  728543a15d38 Downloading 319.8MB
    |  dd46708295f1 Downloading 79.69MB
    |  728543a15d38 Downloading 321.9MB
    |  728543a15d38 Downloading 323MB
    |  dd46708295f1 Downloading 79.69MB
    |  728543a15d38 Downloading 325.1MB
    |  dd46708295f1 Downloading 79.69MB
    |  dd46708295f1 Downloading 79.69MB
    |  728543a15d38 Downloading 325.1MB
    |  728543a15d38 Downloading 325.1MB
    |  dd46708295f1 Downloading 80.74MB
    |  dd46708295f1 Downloading 80.74MB
    |  728543a15d38 Downloading 327.2MB
    |  728543a15d38 Downloading 328.2MB
    |  dd46708295f1 Downloading 80.74MB
    |  dd46708295f1 Downloading 81.79MB
    |  728543a15d38 Downloading 329.3MB
    |  dd46708295f1 Downloading 81.79MB
    |  728543a15d38 Downloading 330.3MB
    |  dd46708295f1 Downloading 81.79MB
    |  728543a15d38 Downloading 330.3MB
    |  dd46708295f1 Downloading 81.79MB
    |  728543a15d38 Downloading 332.4MB
    |  728543a15d38 Downloading 333.4MB
    |  dd46708295f1 Downloading 81.79MB
    |  728543a15d38 Downloading 334.5MB
    |  dd46708295f1 Downloading 82.84MB
    |  728543a15d38 Downloading 335.5MB
    |  dd46708295f1 Downloading 82.84MB
    |  dd46708295f1 Downloading 82.84MB
    |  728543a15d38 Downloading 335.5MB
    |  728543a15d38 Downloading 337.6MB
    |  dd46708295f1 Downloading 82.84MB
    |  728543a15d38 Downloading 338.7MB
    |  dd46708295f1 Downloading 83.89MB
    |  728543a15d38 Downloading 339.7MB
    |  dd46708295f1 Downloading 83.89MB
    |  728543a15d38 Downloading 340.8MB
    |  dd46708295f1 Downloading 83.89MB
    |  dd46708295f1 Downloading 83.89MB
    |  728543a15d38 Downloading 340.8MB
    |  728543a15d38 Downloading 341.8MB
    |  dd46708295f1 Downloading 83.89MB
    |  dd46708295f1 Downloading 84.93MB
    |  728543a15d38 Downloading 342.9MB
    |  728543a15d38 Downloading 345MB
    |  dd46708295f1 Downloading 84.93MB
    |  dd46708295f1 Downloading 85.98MB
    |  728543a15d38 Downloading 346MB
    |  dd46708295f1 Downloading 85.98MB
    |  728543a15d38 Downloading 346MB
    |  728543a15d38 Downloading 347.1MB
    |  dd46708295f1 Downloading 85.98MB
    |  728543a15d38 Downloading 349.2MB
    |  dd46708295f1 Downloading 85.98MB
    |  728543a15d38 Downloading 351.3MB
    |  dd46708295f1 Downloading 85.98MB
    |  dd46708295f1 Downloading 87.03MB
    |  728543a15d38 Downloading 353.4MB
    |  dd46708295f1 Downloading 87.03MB
    |  728543a15d38 Downloading 353.4MB
    |  dd46708295f1 Downloading 87.03MB
    |  728543a15d38 Downloading 354.4MB
    |  dd46708295f1 Downloading 88.08MB
    |  728543a15d38 Downloading 355.5MB
    |  dd46708295f1 Downloading 88.08MB
    |  728543a15d38 Downloading 357.6MB
    |  dd46708295f1 Downloading 88.08MB
    |  728543a15d38 Downloading 359.7MB
    |  728543a15d38 Downloading 360.7MB
    |  dd46708295f1 Downloading 89.13MB
    |  728543a15d38 Downloading 361.8MB
    |  dd46708295f1 Downloading 89.13MB
    |  dd46708295f1 Downloading 89.13MB
    |  728543a15d38 Downloading 362.8MB
    |  dd46708295f1 Downloading 89.13MB
    |  728543a15d38 Downloading 362.8MB
    |  728543a15d38 Downloading 362.8MB
    |  dd46708295f1 Downloading 90.18MB
    |  728543a15d38 Downloading 364.9MB
    |  dd46708295f1 Downloading 90.18MB
    |  728543a15d38 Downloading 364.9MB
    |  dd46708295f1 Downloading 90.18MB
    |  dd46708295f1 Downloading 90.18MB
    |  728543a15d38 Downloading 367MB
    |  728543a15d38 Downloading 368.1MB
    |  dd46708295f1 Downloading 91.23MB
    |  dd46708295f1 Downloading 91.23MB
    |  728543a15d38 Downloading 371.2MB
    |  728543a15d38 Downloading 373.3MB
    |  dd46708295f1 Downloading 92.27MB
    |  dd46708295f1 Downloading 92.27MB
    |  728543a15d38 Downloading 373.3MB
    |  728543a15d38 Downloading 374.3MB
    |  dd46708295f1 Downloading 92.27MB
    |  dd46708295f1 Downloading 93.32MB
    |  728543a15d38 Downloading 376.4MB
    |  dd46708295f1 Downloading 93.32MB
    |  728543a15d38 Downloading 378.5MB
    |  728543a15d38 Downloading 380.6MB
    |  dd46708295f1 Downloading 93.32MB
    |  dd46708295f1 Downloading 94.37MB
    |  728543a15d38 Downloading 380.6MB
    |  728543a15d38 Downloading 382.7MB
    |  dd46708295f1 Downloading 94.37MB
    |  728543a15d38 Downloading 384.8MB
    |  dd46708295f1 Downloading 94.37MB
    |  728543a15d38 Downloading 388MB
    |  dd46708295f1 Downloading 95.42MB
    |  728543a15d38 Downloading 390.1MB
    |  dd46708295f1 Downloading 95.42MB
    |  dd46708295f1 Downloading 95.42MB
    |  728543a15d38 Downloading 391.1MB
    |  728543a15d38 Downloading 391.1MB
    |  dd46708295f1 Downloading 95.42MB
    |  dd46708295f1 Downloading 96.47MB
    |  728543a15d38 Downloading 393.2MB
    |  dd46708295f1 Downloading 96.47MB
    |  728543a15d38 Downloading 394.3MB
    |  728543a15d38 Downloading 396.4MB
    |  dd46708295f1 Downloading 97.52MB
    |  728543a15d38 Downloading 398.5MB
    |  dd46708295f1 Downloading 97.52MB
    |  dd46708295f1 Downloading 97.52MB
    |  728543a15d38 Downloading 398.5MB
    |  728543a15d38 Downloading 399.5MB
    |  dd46708295f1 Downloading 98.57MB
    |  728543a15d38 Downloading 402.7MB
    |  dd46708295f1 Downloading 98.57MB
    |  728543a15d38 Downloading 406.8MB
    |  dd46708295f1 Downloading 99.61MB
    |  dd46708295f1 Downloading 99.61MB
    |  728543a15d38 Downloading 406.8MB
    |  dd46708295f1 Downloading 99.61MB
    |  728543a15d38 Downloading 407.9MB
    |  dd46708295f1 Downloading 99.61MB
    |  728543a15d38 Downloading 411MB
    |  728543a15d38 Downloading 413.1MB
    |  dd46708295f1 Downloading 100.7MB
    |  dd46708295f1 Downloading 100.7MB
    |  728543a15d38 Downloading 415.2MB
    |  728543a15d38 Downloading 415.2MB
    |  dd46708295f1 Downloading 100.7MB
    |  728543a15d38 Downloading 416.3MB
    |  dd46708295f1 Downloading 100.7MB
    |  dd46708295f1 Downloading 101.7MB
    |  728543a15d38 Downloading 419.4MB
    |  dd46708295f1 Downloading 101.7MB
    |  728543a15d38 Downloading 422.6MB
    |  728543a15d38 Downloading 425.7MB
    |  dd46708295f1 Downloading 101.7MB
    |  728543a15d38 Downloading 425.7MB
    |  dd46708295f1 Downloading 101.7MB
    |  dd46708295f1 Downloading 102.8MB
    |  728543a15d38 Downloading 426.8MB
    |  dd46708295f1 Downloading 102.8MB
    |  728543a15d38 Downloading 429.9MB
    |  728543a15d38 Downloading 432MB
    |  dd46708295f1 Downloading 102.8MB
    |  dd46708295f1 Downloading 102.8MB
    |  728543a15d38 Downloading 434.1MB
    |  728543a15d38 Downloading 436.2MB
    |  dd46708295f1 Downloading 103.8MB
    |  dd46708295f1 Downloading 103.8MB
    |  728543a15d38 Downloading 436.2MB
    |  dd46708295f1 Downloading 103.8MB
    |  728543a15d38 Downloading 438.3MB
    |  728543a15d38 Downloading 441.5MB
    |  dd46708295f1 Downloading 103.8MB
    |  dd46708295f1 Downloading 104.9MB
    |  728543a15d38 Downloading 445.6MB
    |  728543a15d38 Downloading 445.6MB
    |  dd46708295f1 Downloading 104.9MB
    |  728543a15d38 Downloading 446.7MB
    |  dd46708295f1 Downloading 104.9MB
    |  dd46708295f1 Downloading 105.9MB
    |  728543a15d38 Downloading 448.8MB
    |  728543a15d38 Downloading 450.9MB
    |  dd46708295f1 Downloading 105.9MB
    |  728543a15d38 Downloading 453MB
    |  dd46708295f1 Downloading 105.9MB
    |  dd46708295f1 Downloading 105.9MB
    |  728543a15d38 Downloading 454MB
    |  728543a15d38 Downloading 454MB
    |  dd46708295f1 Downloading 105.9MB
    |  728543a15d38 Downloading 457.2MB
    |  dd46708295f1 Downloading 107MB
    |  dd46708295f1 Downloading 107MB
    |  728543a15d38 Downloading 459.3MB
    |  728543a15d38 Downloading 462.4MB
    |  dd46708295f1 Downloading 108MB
    |  728543a15d38 Downloading 463.5MB
    |  dd46708295f1 Downloading 108MB
    |  dd46708295f1 Downloading 108MB
    |  728543a15d38 Downloading 465.6MB
    |  dd46708295f1 Downloading 109.1MB
    |  728543a15d38 Downloading 468.7MB
    |  dd46708295f1 Downloading 109.1MB
    |  728543a15d38 Downloading 472.9MB
    |  728543a15d38 Downloading 472.9MB
    |  dd46708295f1 Downloading 109.1MB
    |  dd46708295f1 Downloading 113.2MB
    |  728543a15d38 Downloading 490.7MB
    |  728543a15d38 Downloading 492.8MB
    |  dd46708295f1 Downloading 113.2MB
    |  dd46708295f1 Downloading 113.2MB
    |  728543a15d38 Downloading 494.9MB
    |  dd46708295f1 Downloading 114.3MB
    |  728543a15d38 Downloading 497MB
    |  728543a15d38 Downloading 498.1MB
    |  dd46708295f1 Downloading 114.3MB
    |  728543a15d38 Downloading 499.1MB
    |  dd46708295f1 Downloading 114.3MB
    |  728543a15d38 Downloading 503.3MB
    |  dd46708295f1 Downloading 115.3MB
    |  dd46708295f1 Downloading 116.4MB
    |  728543a15d38 Downloading 505.4MB
    |  dd46708295f1 Downloading 116.4MB
    |  728543a15d38 Downloading 507.5MB
    |  728543a15d38 Downloading 507.5MB
    |  dd46708295f1 Downloading 116.4MB
    |  dd46708295f1 Downloading 116.4MB
    |  728543a15d38 Downloading 509.6MB
    |  728543a15d38 Downloading 513.8MB
    |  dd46708295f1 Downloading 117.4MB
    |  728543a15d38 Downloading 523.2MB
    |  dd46708295f1 Downloading 119.5MB
    |  dd46708295f1 Downloading 119.5MB
    |  728543a15d38 Downloading 523.2MB
    |  dd46708295f1 Downloading 119.5MB
    |  728543a15d38 Downloading 523.2MB
    |  728543a15d38 Downloading 530.6MB
    |  dd46708295f1 Downloading 121.6MB
    |  728543a15d38 Downloading 536.9MB
    |  dd46708295f1 Downloading 122.7MB
    |  728543a15d38 Downloading 536.9MB
    |  dd46708295f1 Downloading 122.7MB
    |  dd46708295f1 Downloading 122.7MB
    |  728543a15d38 Downloading 537.9MB
    |  728543a15d38 Downloading 540MB
    |  dd46708295f1 Downloading 123.7MB
    |  dd46708295f1 Downloading 123.7MB
    |  728543a15d38 Downloading 542.1MB
    |  728543a15d38 Downloading 545.3MB
    |  dd46708295f1 Downloading 124.8MB
    |  728543a15d38 Downloading 546.3MB
    |  dd46708295f1 Downloading 124.8MB
    |  dd46708295f1 Downloading 124.8MB
    |  728543a15d38 Downloading 546.3MB
    |  dd46708295f1 Downloading 125.8MB
    |  728543a15d38 Downloading 550.5MB
    |  dd46708295f1 Downloading 126.9MB
    |  728543a15d38 Downloading 553.6MB
    |  728543a15d38 Downloading 553.6MB
    |  dd46708295f1 Downloading 126.9MB
    |  dd46708295f1 Downloading 126.9MB
    |  728543a15d38 Downloading 554.7MB
    |  728543a15d38 Downloading 556.8MB
    |  dd46708295f1 Downloading 126.9MB
    |  728543a15d38 Downloading 558.9MB
    |  dd46708295f1 Downloading 127.9MB
    |  728543a15d38 Downloading 561MB
    |  dd46708295f1 Downloading 127.9MB
    |  728543a15d38 Downloading 562MB
    |  dd46708295f1 Downloading 129MB
    |  dd46708295f1 Downloading 129MB
    |  728543a15d38 Downloading 562MB
    |  728543a15d38 Downloading 565.2MB
    |  dd46708295f1 Downloading 129MB
    |  728543a15d38 Downloading 567.3MB
    |  dd46708295f1 Downloading 130MB
    |  dd46708295f1 Downloading 131.1MB
    |  728543a15d38 Downloading 570.4MB
    |  728543a15d38 Downloading 571.5MB
    |  dd46708295f1 Downloading 131.1MB
    |  dd46708295f1 Downloading 131.1MB
    |  728543a15d38 Downloading 571.5MB
    |  dd46708295f1 Downloading 131.1MB
    |  728543a15d38 Downloading 573.6MB
    |  728543a15d38 Downloading 575.7MB
    |  dd46708295f1 Downloading 132.1MB
    |  728543a15d38 Downloading 578.8MB
    |  dd46708295f1 Downloading 132.1MB
    |  728543a15d38 Downloading 580.9MB
    |  dd46708295f1 Downloading 132.1MB
    |  728543a15d38 Downloading 580.9MB
    |  dd46708295f1 Downloading 133.2MB
    |  728543a15d38 Downloading 589.3MB
    |  dd46708295f1 Downloading 134.2MB
    |  728543a15d38 Downloading 589.3MB
    |  dd46708295f1 Downloading 134.2MB
    |  dd46708295f1 Downloading 136.3MB
    |  728543a15d38 Downloading 596.6MB
    |  728543a15d38 Downloading 596.6MB
    |  dd46708295f1 Downloading 136.3MB
    |  728543a15d38 Downloading 597.7MB
    |  dd46708295f1 Downloading 136.3MB
    |  728543a15d38 Downloading 598.7MB
    |  dd46708295f1 Downloading 136.3MB
    |  728543a15d38 Downloading 601.9MB
    |  dd46708295f1 Downloading 137.4MB
    |  728543a15d38 Downloading 604MB
    |  dd46708295f1 Downloading 137.4MB
    |  728543a15d38 Downloading 605MB
    |  dd46708295f1 Downloading 138.4MB
    |  dd46708295f1 Downloading 138.4MB
    |  728543a15d38 Downloading 606.1MB
    |  728543a15d38 Downloading 608.2MB
    |  dd46708295f1 Downloading 138.4MB
    |  728543a15d38 Downloading 611.3MB
    |  dd46708295f1 Downloading 139.5MB
    |  728543a15d38 Downloading 613.4MB
    |  dd46708295f1 Downloading 139.5MB
    |  dd46708295f1 Downloading 140.5MB
    |  728543a15d38 Downloading 616.6MB
    |  728543a15d38 Downloading 617.6MB
    |  dd46708295f1 Downloading 140.5MB
    |  728543a15d38 Downloading 620.8MB
    |  dd46708295f1 Downloading 141.6MB
    |  728543a15d38 Downloading 623.9MB
    |  dd46708295f1 Downloading 141.6MB
    |  dd46708295f1 Downloading 142.6MB
    |  728543a15d38 Downloading 626MB
    |  728543a15d38 Downloading 626MB
    |  dd46708295f1 Downloading 142.6MB
    |  728543a15d38 Downloading 627MB
    |  dd46708295f1 Downloading 142.6MB
    |  dd46708295f1 Downloading 143.7MB
    |  728543a15d38 Downloading 630.2MB
    |  dd46708295f1 Downloading 143.7MB
    |  728543a15d38 Downloading 633.3MB
    |  dd46708295f1 Downloading 144.7MB
    |  728543a15d38 Downloading 635.4MB
    |  dd46708295f1 Downloading 144.7MB
    |  728543a15d38 Downloading 636.5MB
    |  dd46708295f1 Downloading 144.7MB
    |  728543a15d38 Downloading 637.5MB
    |  728543a15d38 Downloading 639.6MB
    |  dd46708295f1 Downloading 144.7MB
    |  728543a15d38 Downloading 641.7MB
    |  dd46708295f1 Downloading 145.8MB
    |  dd46708295f1 Downloading 145.8MB
    |  728543a15d38 Downloading 644.9MB
    |  728543a15d38 Downloading 645.9MB
    |  dd46708295f1 Downloading 146.8MB
    |  728543a15d38 Downloading 645.9MB
    |  dd46708295f1 Downloading 146.8MB
    |  728543a15d38 Downloading 647MB
    |  dd46708295f1 Downloading 146.8MB
    |  dd46708295f1 Downloading 146.8MB
    |  728543a15d38 Downloading 650.1MB
    |  728543a15d38 Downloading 652.2MB
    |  dd46708295f1 Downloading 147.8MB
    |  728543a15d38 Downloading 654.3MB
    |  dd46708295f1 Downloading 147.8MB
    |  728543a15d38 Downloading 654.3MB
    |  dd46708295f1 Downloading 147.8MB
    |  dd46708295f1 Downloading 148.9MB
    |  728543a15d38 Downloading 657.5MB
    |  dd46708295f1 Downloading 148.9MB
    |  728543a15d38 Downloading 658.5MB
    |  dd46708295f1 Downloading 148.9MB
    |  728543a15d38 Downloading 660.6MB
    |  dd46708295f1 Downloading 149.9MB
    |  728543a15d38 Downloading 663.7MB
    |  dd46708295f1 Downloading 149.9MB
    |  728543a15d38 Downloading 663.7MB
    |  dd46708295f1 Downloading 149.9MB
    |  728543a15d38 Downloading 664.8MB
    |  dd46708295f1 Downloading 149.9MB
    |  728543a15d38 Downloading 666.9MB
    |  dd46708295f1 Downloading 151MB
    |  728543a15d38 Downloading 667.9MB
    |  dd46708295f1 Downloading 151MB
    |  728543a15d38 Downloading 670MB
    |  dd46708295f1 Downloading 152MB
    |  728543a15d38 Download complete 0B
    |  dd46708295f1 Downloading 152MB
    |  dd46708295f1 Downloading 152MB
    |  dd46708295f1 Downloading 154.1MB
    |  dd46708295f1 Downloading 154.1MB
    |  dd46708295f1 Downloading 154.1MB
    |  dd46708295f1 Downloading 155.2MB
    |  dd46708295f1 Downloading 157.3MB
    |  dd46708295f1 Downloading 157.3MB
    |  dd46708295f1 Downloading 157.3MB
    |  dd46708295f1 Downloading 158.3MB
    |  dd46708295f1 Downloading 159.4MB
    |  dd46708295f1 Downloading 160.4MB
    |  dd46708295f1 Downloading 161.5MB
    |  dd46708295f1 Downloading 161.5MB
    |  dd46708295f1 Downloading 167.8MB
    |  dd46708295f1 Downloading 167.8MB
    |  dd46708295f1 Downloading 169.9MB
    |  dd46708295f1 Downloading 170.9MB
    |  dd46708295f1 Downloading 173MB
    |  dd46708295f1 Downloading 174.1MB
    |  dd46708295f1 Downloading 174.1MB
    |  dd46708295f1 Downloading 176.2MB
    |  dd46708295f1 Downloading 178.3MB
    |  dd46708295f1 Downloading 179.3MB
    |  dd46708295f1 Downloading 181.4MB
    |  dd46708295f1 Downloading 181.4MB
    |  dd46708295f1 Downloading 182.5MB
    |  dd46708295f1 Downloading 184.5MB
    |  dd46708295f1 Downloading 186.6MB
    |  dd46708295f1 Downloading 188.7MB
    |  dd46708295f1 Downloading 188.7MB
    |  dd46708295f1 Downloading 199.2MB
    |  dd46708295f1 Downloading 200.3MB
    |  dd46708295f1 Downloading 209.7MB
    |  dd46708295f1 Downloading 215MB
    |  dd46708295f1 Downloading 216MB
    |  dd46708295f1 Downloading 218.1MB
    |  dd46708295f1 Downloading 219.2MB
    |  dd46708295f1 Downloading 222.3MB
    |  dd46708295f1 Download complete 0B
    |  dd46708295f1 Extracting 1B
    |  dd46708295f1 Extracting 1B
    |  dd46708295f1 Extracting 1B
    |  dd46708295f1 Extracting 1B
    |  dd46708295f1 Extracting 1B
    |  dd46708295f1 Extracting 1B
    |  dd46708295f1 Extracting 2B
    |  dd46708295f1 Extracting 2B
    |  dd46708295f1 Extracting 3B
    |  dd46708295f1 Extracting 3B
    |  dd46708295f1 Extracting 3B
    |  dd46708295f1 Extracting 4B
    |  dd46708295f1 Extracting 5B
    |  dd46708295f1 Extracting 5B
    |  dd46708295f1 Extracting 5B
    |  dd46708295f1 Extracting 6B
    |  dd46708295f1 Extracting 6B
    |  dd46708295f1 Extracting 6B
    |  dd46708295f1 Extracting 8B
    |  dd46708295f1 Extracting 9B
    |  dd46708295f1 Extracting 9B
    |  dd46708295f1 Extracting 10B
    |  dd46708295f1 Extracting 10B
    |  dd46708295f1 Extracting 10B
    |  dd46708295f1 Extracting 12B
    |  dd46708295f1 Extracting 12B
    |  dd46708295f1 Extracting 12B
    |  dd46708295f1 Extracting 12B
    |  dd46708295f1 Extracting 12B
    |  dd46708295f1 Extracting 13B
    |  dd46708295f1 Extracting 13B
    |  dd46708295f1 Extracting 13B
    |  dd46708295f1 Extracting 13B
    |  dd46708295f1 Extracting 13B
    |  dd46708295f1 Extracting 14B
    |  dd46708295f1 Extracting 14B
    |  dd46708295f1 Extracting 14B
    |  dd46708295f1 Extracting 14B
    |  dd46708295f1 Extracting 14B
    |  dd46708295f1 Extracting 15B
    |  dd46708295f1 Extracting 15B
    |  dd46708295f1 Extracting 15B
    |  dd46708295f1 Extracting 15B
    |  dd46708295f1 Extracting 15B
    |  dd46708295f1 Extracting 15B
    |  dd46708295f1 Extracting 15B
    |  dd46708295f1 Extracting 16B
    |  dd46708295f1 Extracting 16B
    |  dd46708295f1 Extracting 16B
    |  dd46708295f1 Extracting 17B
    |  dd46708295f1 Extracting 17B
    |  dd46708295f1 Extracting 17B
    |  dd46708295f1 Extracting 17B
    |  dd46708295f1 Extracting 17B
    |  dd46708295f1 Extracting 17B
    |  dd46708295f1 Extracting 17B
    |  dd46708295f1 Extracting 17B
    |  dd46708295f1 Extracting 17B
    |  dd46708295f1 Extracting 17B
    |  dd46708295f1 Extracting 18B
    |  dd46708295f1 Extracting 18B
    |  cb7a778c578a Extracting 1B
    |  c0e8ed5d167b Pull complete 0B
    |  dd46708295f1 Pull complete 0B
    |  cb7a778c578a Extracting 1B
    |  cb7a778c578a Extracting 2B
    |  cb7a778c578a Extracting 2B
    |  cb7a778c578a Extracting 2B
    |  cb7a778c578a Extracting 3B
    |  cb7a778c578a Extracting 3B
    |  cb7a778c578a Extracting 3B
    |  cb7a778c578a Extracting 3B
    |  cb7a778c578a Extracting 3B
    |  cb7a778c578a Extracting 3B
    |  cb7a778c578a Extracting 3B
    |  cb7a778c578a Extracting 3B
    |  cb7a778c578a Extracting 4B
    |  cb7a778c578a Extracting 4B
    |  cb7a778c578a Extracting 4B
    |  cb7a778c578a Extracting 4B
    |  cb7a778c578a Extracting 4B
    |  cb7a778c578a Extracting 5B
    |  cb7a778c578a Extracting 6B
    |  cb7a778c578a Extracting 6B
    |  cb7a778c578a Extracting 7B
    |  cb7a778c578a Extracting 7B
    |  cb7a778c578a Extracting 7B
    |  cb7a778c578a Extracting 7B
    |  cb7a778c578a Extracting 7B
    |  cb7a778c578a Extracting 7B
    |  cb7a778c578a Extracting 8B
    |  cb7a778c578a Extracting 8B
    |  cb7a778c578a Extracting 8B
    |  cb7a778c578a Extracting 8B
    |  cb7a778c578a Extracting 8B
    |  cb7a778c578a Extracting 8B
    |  cb7a778c578a Extracting 8B
    |  cb7a778c578a Extracting 8B
    |  cb7a778c578a Extracting 8B
    |  cb7a778c578a Extracting 9B
    |  cb7a778c578a Extracting 9B
    |  cb7a778c578a Extracting 9B
    |  cb7a778c578a Extracting 9B
    |  cb7a778c578a Extracting 10B
    |  cb7a778c578a Extracting 10B
    |  cb7a778c578a Extracting 10B
    |  cb7a778c578a Extracting 10B
    |  cb7a778c578a Extracting 10B
    |  cb7a778c578a Extracting 11B
    |  cb7a778c578a Extracting 11B
    |  cb7a778c578a Extracting 11B
    |  cb7a778c578a Extracting 11B
    |  cb7a778c578a Extracting 11B
    |  cb7a778c578a Extracting 11B
    |  cb7a778c578a Extracting 11B
    |  cb7a778c578a Extracting 12B
    |  cb7a778c578a Extracting 12B
    |  cb7a778c578a Extracting 12B
    |  cb7a778c578a Extracting 12B
    |  cb7a778c578a Extracting 12B
    |  cb7a778c578a Extracting 13B
    |  cb7a778c578a Extracting 13B
    |  cb7a778c578a Extracting 13B
    |  cb7a778c578a Extracting 13B
    |  cb7a778c578a Extracting 13B
    |  cb7a778c578a Extracting 13B
    |  cb7a778c578a Extracting 14B
    |  cb7a778c578a Extracting 14B
    |  cb7a778c578a Extracting 14B
    |  cb7a778c578a Extracting 15B
    |  cb7a778c578a Extracting 15B
    |  cb7a778c578a Extracting 16B
    |  cb7a778c578a Extracting 16B
    |  cb7a778c578a Extracting 17B
    |  cb7a778c578a Extracting 18B
    |  cb7a778c578a Extracting 19B
    |  cb7a778c578a Extracting 20B
    |  cb7a778c578a Extracting 21B
    |  cb7a778c578a Extracting 22B
    |  cb7a778c578a Extracting 23B
    |  cb7a778c578a Extracting 23B
    |  cb7a778c578a Extracting 23B
    |  cb7a778c578a Extracting 23B
    |  cb7a778c578a Extracting 24B
    |  cb7a778c578a Extracting 24B
    |  cb7a778c578a Extracting 24B
    |  cb7a778c578a Extracting 24B
    |  cb7a778c578a Extracting 24B
    |  cb7a778c578a Extracting 24B
    |  cb7a778c578a Extracting 24B
    |  cb7a778c578a Extracting 24B
    |  cb7a778c578a Extracting 25B
    |  cb7a778c578a Extracting 25B
    |  cb7a778c578a Extracting 25B
    |  cb7a778c578a Extracting 25B
    |  cb7a778c578a Extracting 25B
    |  cb7a778c578a Extracting 25B
    |  cb7a778c578a Extracting 25B
    |  cb7a778c578a Extracting 26B
    |  cb7a778c578a Extracting 26B
    |  cb7a778c578a Extracting 26B
    |  cb7a778c578a Extracting 26B
    |  cb7a778c578a Extracting 26B
    |  cb7a778c578a Extracting 26B
    |  cb7a778c578a Extracting 26B
    |  cb7a778c578a Extracting 26B
    |  cb7a778c578a Extracting 26B
    |  cb7a778c578a Extracting 27B
    |  cb7a778c578a Extracting 27B
    |  cb7a778c578a Extracting 27B
    |  cb7a778c578a Extracting 27B
    |  cb7a778c578a Extracting 27B
    |  cb7a778c578a Extracting 27B
    |  cb7a778c578a Extracting 28B
    |  cb7a778c578a Extracting 28B
    |  cb7a778c578a Extracting 28B
    |  cb7a778c578a Extracting 28B
    |  cb7a778c578a Extracting 29B
    |  cb7a778c578a Extracting 29B
    |  cb7a778c578a Extracting 29B
    |  cb7a778c578a Extracting 29B
    |  cb7a778c578a Extracting 29B
    |  cb7a778c578a Extracting 29B
    |  cb7a778c578a Extracting 29B
    |  cb7a778c578a Extracting 29B
    |  cb7a778c578a Extracting 29B
    |  cb7a778c578a Extracting 29B
    |  cb7a778c578a Extracting 29B
    |  b2e202c15240 Pull complete 0B
    |  cb7a778c578a Pull complete 0B
    |  d761efdeec43 Pull complete 0B
    |  728543a15d38 Extracting 1B
    |  728543a15d38 Extracting 2B
    |  728543a15d38 Extracting 2B
    |  728543a15d38 Extracting 3B
    |  728543a15d38 Extracting 3B
    |  728543a15d38 Extracting 3B
    |  728543a15d38 Extracting 3B
    |  728543a15d38 Extracting 3B
    |  728543a15d38 Extracting 3B
    |  728543a15d38 Extracting 3B
    |  728543a15d38 Extracting 4B
    |  728543a15d38 Extracting 4B
    |  728543a15d38 Extracting 4B
    |  728543a15d38 Extracting 4B
    |  728543a15d38 Extracting 4B
    |  728543a15d38 Extracting 8B
    |  728543a15d38 Extracting 10B
    |  728543a15d38 Extracting 11B
    |  728543a15d38 Extracting 22B
    |  728543a15d38 Extracting 56B
    |  728543a15d38 Extracting 56B
    |  728543a15d38 Extracting 56B
    |  728543a15d38 Extracting 57B
    |  728543a15d38 Extracting 57B
    |  728543a15d38 Extracting 57B
    | failed to extract layer (application/vnd.docker.image.rootfs.diff.tar.gzip sha256:728543a15d3812c50d8abeb6b4d99c931b470f073523beb15d071d5a858f6bcf) to overlayfs as "extract-951000764-k9IR sha256:47b70c2e65b3ec8ec40234b210e4b7c5c065e58eaa2353d4809c0b736e202685": write /var/lib/desktop-containerd/daemon/io.containerd.snapshotter.v1.overlayfs/snapshots/548/fs/build/gcc-build-debug/x86_64-pc-linux-gnu/libgcc/bid_binarydecimal.o: read-only file system
    | . Stderr: None. 
    | 
    | During handling of the above exception, another exception occurred:
    | 
    | Traceback (most recent call last):
    |   File "/Users/arsh/.local/share/uv/tools/harbor/lib/python3.12/site-packages/harbor/trial/queue.py", line 242, in _run_trial
    |     return await self._execute_trial_with_retries(trial_config)
    |            ^^^^^^^^^^^^^^^^^^^^^^^^^^^^^^^^^^^^^^^^^^^^^^^^^^^^
    |   File "/Users/arsh/.local/share/uv/tools/harbor/lib/python3.12/site-packages/harbor/trial/queue.py", line 203, in _execute_trial_with_retries
    |     result = await trial.run()
    |              ^^^^^^^^^^^^^^^^^
    |   File "/Users/arsh/.local/share/uv/tools/harbor/lib/python3.12/site-packages/harbor/trial/trial.py", line 387, in run
    |     self._record_exception(exc)
    |   File "/Users/arsh/.local/share/uv/tools/harbor/lib/python3.12/site-packages/harbor/trial/trial.py", line 431, in _record_exception
    |     self.paths.exception_message_path.write_text(traceback.format_exc())
    |   File "/Users/arsh/.local/share/uv/python/cpython-3.12.13-macos-aarch64-none/lib/python3.12/pathlib.py", line 1047, in write_text
    |     with self.open(mode='w', encoding=encoding, errors=errors, newline=newline) as f:
    |          ^^^^^^^^^^^^^^^^^^^^^^^^^^^^^^^^^^^^^^^^^^^^^^^^^^^^^^^^^^^^^^^^^^^^^^
    |   File "/Users/arsh/.local/share/uv/python/cpython-3.12.13-macos-aarch64-none/lib/python3.12/pathlib.py", line 1013, in open
    |     return io.open(self, mode, buffering, encoding, errors, newline)
    |            ^^^^^^^^^^^^^^^^^^^^^^^^^^^^^^^^^^^^^^^^^^^^^^^^^^^^^^^^^
    | OSError: [Errno 28] No space left on device: 'jobs/p1-terminus-2-custom-memory-heap-crash-r1/custom-memory-heap-crash__8zySVsV/exception.txt'
    +------------------------------------
unhandled exception during asyncio.run() shutdown
task: <Task finished name='Task-3' coro=<TrialQueue._run_trial() done, defined at /Users/arsh/.local/share/uv/tools/harbor/lib/python3.12/site-packages/harbor/trial/queue.py:239> exception=OSError(28, 'No space left on device')>
Traceback (most recent call last):
  File "/Users/arsh/.local/share/uv/tools/harbor/lib/python3.12/site-packages/harbor/trial/trial.py", line 375, in run
    await self._prepare()
  File "/Users/arsh/.local/share/uv/tools/harbor/lib/python3.12/site-packages/harbor/trial/trial.py", line 409, in _prepare
    await self._setup_agent_environment()
  File "/Users/arsh/.local/share/uv/tools/harbor/lib/python3.12/site-packages/harbor/trial/trial.py", line 1210, in _setup_agent_environment
    await self._start_agent_environment()
  File "/Users/arsh/.local/share/uv/tools/harbor/lib/python3.12/site-packages/harbor/trial/trial.py", line 1216, in _start_agent_environment
    await asyncio.wait_for(
  File "/Users/arsh/.local/share/uv/python/cpython-3.12.13-macos-aarch64-none/lib/python3.12/asyncio/tasks.py", line 520, in wait_for
    return await fut
           ^^^^^^^^^
  File "/Users/arsh/.local/share/uv/tools/harbor/lib/python3.12/site-packages/harbor/environments/docker/docker.py", line 908, in start
    await self._run_docker_compose_command(["up", "--detach", "--wait"])
  File "/Users/arsh/.local/share/uv/tools/harbor/lib/python3.12/site-packages/harbor/environments/docker/docker.py", line 656, in _run_docker_compose_command
    raise RuntimeError(
RuntimeError: Docker compose command failed for environment custom-memory-heap-crash. Command: docker compose --project-name custom-memory-heap-crash__8zysvsv__env --project-directory /Users/arsh/.cache/harbor/tasks/packages/terminal-bench/custom-memory-heap-crash/61e021e0304c9818a9be2c9173c8a0938ce5d136e95c5422e099f1fdb2dc080e/environment -f /private/var/folders/zd/nssb4mnx3w78_gb_p_2tsxvc0000gn/T/tmpzz9qt7pv/custom-memory-heap-crash__8zySVsV__env-docker-compose-resources.json -f /Users/arsh/.local/share/uv/tools/harbor/lib/python3.12/site-packages/harbor/environments/docker/docker-compose-prebuilt.yaml -f /private/var/folders/zd/nssb4mnx3w78_gb_p_2tsxvc0000gn/T/tmp26nx57r5/docker-compose-environment.json -f /private/var/folders/zd/nssb4mnx3w78_gb_p_2tsxvc0000gn/T/tmprh9n537t/docker-compose-mounts.json up --detach --wait. Return code: 1. Stdout:  Image alexgshaw/custom-memory-heap-crash:20251031 Pulling 
 dd46708295f1 Pulling fs layer 0B
 b2e202c15240 Pulling fs layer 0B
 031c4aea494f Pulling fs layer 0B
 cb7a778c578a Pulling fs layer 0B
 ad6fa6ecc133 Pulling fs layer 0B
 ee8bc43a5c38 Pulling fs layer 0B
 7f30ea32f5e3 Pulling fs layer 0B
 c0e8ed5d167b Pulling fs layer 0B
 728543a15d38 Pulling fs layer 0B
 d761efdeec43 Pulling fs layer 0B
 ad6fa6ecc133 Downloading 1.049MB
 ad6fa6ecc133 Downloading 4.194MB
 ad6fa6ecc133 Downloading 6.291MB
 ad6fa6ecc133 Downloading 7.34MB
 ad6fa6ecc133 Downloading 8.389MB
 ad6fa6ecc133 Downloading 11.53MB
 ad6fa6ecc133 Downloading 13.63MB
 ad6fa6ecc133 Downloading 16.78MB
 ad6fa6ecc133 Downloading 17.83MB
 ad6fa6ecc133 Downloading 18.87MB
 ad6fa6ecc133 Downloading 20.97MB
 ad6fa6ecc133 Downloading 23.07MB
 ad6fa6ecc133 Downloading 26.21MB
 ad6fa6ecc133 Downloading 28.31MB
 ad6fa6ecc133 Downloading 28.31MB
 ad6fa6ecc133 Downloading 30.41MB
 ad6fa6ecc133 Downloading 31.46MB
 ad6fa6ecc133 Downloading 32.51MB
 031c4aea494f Download complete 0B
 ad6fa6ecc133 Downloading 34.6MB
 ad6fa6ecc133 Downloading 34.6MB
 ad6fa6ecc133 Downloading 35.65MB
 ad6fa6ecc133 Downloading 37.75MB
 ad6fa6ecc133 Downloading 39.85MB
 b2e202c15240 Download complete 0B
 ad6fa6ecc133 Downloading 40.89MB
 ad6fa6ecc133 Downloading 40.89MB
 ad6fa6ecc133 Downloading 41.94MB
 ad6fa6ecc133 Downloading 44.04MB
 ad6fa6ecc133 Downloading 46.14MB
 dd46708295f1 Downloading 1.049MB
 dd46708295f1 Downloading 1.049MB
 ad6fa6ecc133 Downloading 47.19MB
 dd46708295f1 Downloading 1.049MB
 ad6fa6ecc133 Downloading 49.28MB
 dd46708295f1 Downloading 1.049MB
 ad6fa6ecc133 Downloading 49.28MB
 ad6fa6ecc133 Downloading 50.33MB
 dd46708295f1 Downloading 1.049MB
 ad6fa6ecc133 Downloading 52.43MB
 dd46708295f1 Downloading 1.049MB
 dd46708295f1 Downloading 1.049MB
 ad6fa6ecc133 Downloading 53.48MB
 dd46708295f1 Downloading 1.049MB
 ad6fa6ecc133 Downloading 55.57MB
 dd46708295f1 Downloading 1.049MB
 ad6fa6ecc133 Downloading 55.57MB
 dd46708295f1 Downloading 1.049MB
 ad6fa6ecc133 Downloading 56.62MB
 7f30ea32f5e3 Download complete 0B
 dd46708295f1 Downloading 1.049MB
 ad6fa6ecc133 Downloading 57.67MB
 dd46708295f1 Downloading 1.049MB
 ad6fa6ecc133 Downloading 59.77MB
 dd46708295f1 Downloading 2.097MB
 ad6fa6ecc133 Downloading 61.87MB
 ee8bc43a5c38 Download complete 0B
 dd46708295f1 Downloading 2.097MB
 ad6fa6ecc133 Downloading 61.87MB
 dd46708295f1 Downloading 2.097MB
 ad6fa6ecc133 Downloading 62.91MB
 dd46708295f1 Downloading 2.097MB
 ad6fa6ecc133 Downloading 65.01MB
 ad6fa6ecc133 Downloading 67.11MB
 dd46708295f1 Downloading 2.097MB
 dd46708295f1 Downloading 2.097MB
 ad6fa6ecc133 Downloading 68.16MB
 dd46708295f1 Downloading 2.097MB
 ad6fa6ecc133 Downloading 69.21MB
 ad6fa6ecc133 Downloading 69.21MB
 dd46708295f1 Downloading 2.097MB
 dd46708295f1 Downloading 2.097MB
 ad6fa6ecc133 Downloading 70.25MB
 dd46708295f1 Downloading 2.097MB
 ad6fa6ecc133 Downloading 72.35MB
 dd46708295f1 Downloading 2.097MB
 ad6fa6ecc133 Downloading 74.45MB
 dd46708295f1 Downloading 2.097MB
 ad6fa6ecc133 Downloading 76.55MB
 dd46708295f1 Downloading 2.097MB
 ad6fa6ecc133 Downloading 76.55MB
 ad6fa6ecc133 Downloading 77.59MB
 dd46708295f1 Downloading 3.146MB
 cb7a778c578a Downloading 1.049MB
 dd46708295f1 Downloading 3.146MB
 ad6fa6ecc133 Downloading 78.64MB
 dd46708295f1 Downloading 3.146MB
 ad6fa6ecc133 Downloading 80.74MB
 cb7a778c578a Downloading 1.049MB
 cb7a778c578a Downloading 1.049MB
 dd46708295f1 Downloading 3.146MB
 ad6fa6ecc133 Downloading 80.74MB
 cb7a778c578a Downloading 1.049MB
 dd46708295f1 Downloading 3.146MB
 ad6fa6ecc133 Downloading 80.74MB
 cb7a778c578a Downloading 1.049MB
 dd46708295f1 Downloading 3.146MB
 ad6fa6ecc133 Downloading 81.79MB
 ad6fa6ecc133 Downloading 83.89MB
 cb7a778c578a Downloading 1.049MB
 dd46708295f1 Downloading 3.146MB
 dd46708295f1 Downloading 3.146MB
 ad6fa6ecc133 Downloading 84.93MB
 cb7a778c578a Downloading 1.049MB
 dd46708295f1 Downloading 3.146MB
 ad6fa6ecc133 Downloading 85.98MB
 cb7a778c578a Downloading 2.097MB
 cb7a778c578a Downloading 2.097MB
 dd46708295f1 Downloading 3.146MB
 ad6fa6ecc133 Downloading 85.98MB
 cb7a778c578a Downloading 2.097MB
 dd46708295f1 Downloading 3.146MB
 ad6fa6ecc133 Downloading 87.03MB
 dd46708295f1 Downloading 3.146MB
 ad6fa6ecc133 Downloading 88.08MB
 cb7a778c578a Downloading 2.097MB
 dd46708295f1 Downloading 3.146MB
 ad6fa6ecc133 Downloading 89.13MB
 cb7a778c578a Downloading 2.097MB
 cb7a778c578a Downloading 2.097MB
 dd46708295f1 Downloading 3.146MB
 ad6fa6ecc133 Downloading 91.23MB
 cb7a778c578a Downloading 2.097MB
 dd46708295f1 Downloading 3.146MB
 ad6fa6ecc133 Downloading 91.23MB
 ad6fa6ecc133 Downloading 92.27MB
 cb7a778c578a Downloading 3.146MB
 dd46708295f1 Downloading 4.194MB
 cb7a778c578a Downloading 3.146MB
 dd46708295f1 Downloading 4.194MB
 ad6fa6ecc133 Downloading 93.32MB
 cb7a778c578a Downloading 3.146MB
 dd46708295f1 Downloading 4.194MB
 ad6fa6ecc133 Downloading 94.37MB
 cb7a778c578a Downloading 3.146MB
 dd46708295f1 Downloading 4.194MB
 ad6fa6ecc133 Downloading 95.42MB
 cb7a778c578a Downloading 3.146MB
 dd46708295f1 Downloading 4.194MB
 ad6fa6ecc133 Downloading 96.47MB
 dd46708295f1 Downloading 4.194MB
 ad6fa6ecc133 Downloading 96.47MB
 cb7a778c578a Downloading 3.146MB
 ad6fa6ecc133 Downloading 98.57MB
 cb7a778c578a Downloading 4.194MB
 dd46708295f1 Downloading 4.194MB
 ad6fa6ecc133 Downloading 100.7MB
 cb7a778c578a Downloading 4.194MB
 dd46708295f1 Downloading 4.194MB
 dd46708295f1 Downloading 4.194MB
 ad6fa6ecc133 Downloading 101.7MB
 cb7a778c578a Downloading 4.194MB
 ad6fa6ecc133 Downloading 103.8MB
 cb7a778c578a Downloading 5.243MB
 dd46708295f1 Downloading 4.194MB
 cb7a778c578a Downloading 5.243MB
 dd46708295f1 Downloading 4.194MB
 ad6fa6ecc133 Downloading 103.8MB
 dd46708295f1 Downloading 4.194MB
 ad6fa6ecc133 Downloading 105.9MB
 cb7a778c578a Downloading 5.243MB
 dd46708295f1 Downloading 4.194MB
 ad6fa6ecc133 Downloading 108MB
 cb7a778c578a Downloading 5.243MB
 dd46708295f1 Downloading 4.194MB
 ad6fa6ecc133 Downloading 109.1MB
 cb7a778c578a Downloading 6.291MB
 dd46708295f1 Downloading 5.243MB
 ad6fa6ecc133 Downloading 111.1MB
 cb7a778c578a Downloading 6.291MB
 ad6fa6ecc133 Downloading 111.1MB
 cb7a778c578a Downloading 6.291MB
 dd46708295f1 Downloading 5.243MB
 cb7a778c578a Downloading 6.291MB
 dd46708295f1 Downloading 5.243MB
 ad6fa6ecc133 Downloading 112.2MB
 dd46708295f1 Downloading 5.243MB
 ad6fa6ecc133 Downloading 114.3MB
 cb7a778c578a Downloading 7.34MB
 dd46708295f1 Downloading 5.243MB
 ad6fa6ecc133 Downloading 117.4MB
 cb7a778c578a Downloading 7.34MB
 dd46708295f1 Downloading 5.243MB
 ad6fa6ecc133 Downloading 119.5MB
 cb7a778c578a Downloading 8.389MB
 dd46708295f1 Downloading 5.243MB
 ad6fa6ecc133 Downloading 119.5MB
 cb7a778c578a Downloading 8.389MB
 dd46708295f1 Downloading 5.243MB
 ad6fa6ecc133 Downloading 120.6MB
 cb7a778c578a Downloading 8.389MB
 dd46708295f1 Downloading 5.243MB
 ad6fa6ecc133 Downloading 121.6MB
 cb7a778c578a Downloading 8.389MB
 dd46708295f1 Downloading 5.243MB
 ad6fa6ecc133 Downloading 123.7MB
 cb7a778c578a Downloading 9.437MB
 cb7a778c578a Downloading 9.437MB
 dd46708295f1 Downloading 5.243MB
 ad6fa6ecc133 Downloading 125.8MB
 dd46708295f1 Downloading 6.291MB
 ad6fa6ecc133 Downloading 126.9MB
 cb7a778c578a Downloading 9.437MB
 dd46708295f1 Downloading 6.291MB
 ad6fa6ecc133 Downloading 126.9MB
 cb7a778c578a Downloading 9.437MB
 dd46708295f1 Downloading 6.291MB
 ad6fa6ecc133 Downloading 129MB
 cb7a778c578a Downloading 10.49MB
 dd46708295f1 Downloading 6.291MB
 ad6fa6ecc133 Downloading 131.1MB
 cb7a778c578a Downloading 10.49MB
 dd46708295f1 Downloading 6.291MB
 ad6fa6ecc133 Downloading 133.2MB
 cb7a778c578a Downloading 10.49MB
 dd46708295f1 Downloading 6.291MB
 ad6fa6ecc133 Downloading 134.2MB
 cb7a778c578a Downloading 11.53MB
 ad6fa6ecc133 Downloading 134.2MB
 cb7a778c578a Downloading 11.53MB
 dd46708295f1 Downloading 6.291MB
 dd46708295f1 Downloading 6.291MB
 ad6fa6ecc133 Downloading 135.3MB
 cb7a778c578a Downloading 11.53MB
 cb7a778c578a Downloading 12.58MB
 dd46708295f1 Downloading 6.291MB
 ad6fa6ecc133 Downloading 136.3MB
 dd46708295f1 Downloading 6.291MB
 ad6fa6ecc133 Downloading 136.3MB
 cb7a778c578a Downloading 12.58MB
 ad6fa6ecc133 Downloading 137.4MB
 cb7a778c578a Downloading 12.58MB
 dd46708295f1 Downloading 6.291MB
 dd46708295f1 Downloading 6.291MB
 ad6fa6ecc133 Downloading 137.4MB
 cb7a778c578a Downloading 12.58MB
 ad6fa6ecc133 Downloading 138.4MB
 cb7a778c578a Downloading 13.63MB
 dd46708295f1 Downloading 7.34MB
 dd46708295f1 Downloading 7.34MB
 ad6fa6ecc133 Downloading 140.5MB
 cb7a778c578a Downloading 13.63MB
 cb7a778c578a Downloading 13.63MB
 dd46708295f1 Downloading 7.34MB
 ad6fa6ecc133 Downloading 142.6MB
 cb7a778c578a Downloading 14.68MB
 dd46708295f1 Downloading 7.34MB
 ad6fa6ecc133 Downloading 144.7MB
 dd46708295f1 Downloading 7.34MB
 ad6fa6ecc133 Downloading 144.7MB
 cb7a778c578a Downloading 14.68MB
 dd46708295f1 Downloading 7.34MB
 ad6fa6ecc133 Downloading 145.8MB
 cb7a778c578a Downloading 14.68MB
 dd46708295f1 Downloading 7.34MB
 ad6fa6ecc133 Downloading 147.8MB
 cb7a778c578a Downloading 15.73MB
 dd46708295f1 Downloading 7.34MB
 ad6fa6ecc133 Downloading 149.9MB
 cb7a778c578a Downloading 15.73MB
 dd46708295f1 Downloading 8.389MB
 ad6fa6ecc133 Downloading 152MB
 cb7a778c578a Downloading 16.78MB
 dd46708295f1 Downloading 8.389MB
 ad6fa6ecc133 Downloading 153.1MB
 cb7a778c578a Downloading 16.78MB
 cb7a778c578a Downloading 16.78MB
 dd46708295f1 Downloading 8.389MB
 ad6fa6ecc133 Downloading 153.1MB
 dd46708295f1 Downloading 8.389MB
 ad6fa6ecc133 Downloading 156.2MB
 cb7a778c578a Downloading 16.78MB
 dd46708295f1 Downloading 8.389MB
 ad6fa6ecc133 Downloading 158.3MB
 cb7a778c578a Downloading 17.83MB
 ad6fa6ecc133 Downloading 160.4MB
 cb7a778c578a Downloading 17.83MB
 dd46708295f1 Downloading 8.389MB
 cb7a778c578a Downloading 17.83MB
 dd46708295f1 Downloading 8.389MB
 ad6fa6ecc133 Downloading 162.5MB
 dd46708295f1 Downloading 8.389MB
 ad6fa6ecc133 Downloading 162.5MB
 cb7a778c578a Downloading 17.83MB
 ad6fa6ecc133 Downloading 163.6MB
 cb7a778c578a Downloading 17.83MB
 dd46708295f1 Downloading 8.389MB
 dd46708295f1 Downloading 9.437MB
 ad6fa6ecc133 Downloading 165.7MB
 cb7a778c578a Downloading 18.87MB
 cb7a778c578a Downloading 18.87MB
 dd46708295f1 Downloading 9.437MB
 ad6fa6ecc133 Downloading 167.8MB
 dd46708295f1 Downloading 9.437MB
 ad6fa6ecc133 Downloading 169.9MB
 cb7a778c578a Downloading 19.92MB
 cb7a778c578a Downloading 19.92MB
 dd46708295f1 Downloading 9.437MB
 ad6fa6ecc133 Downloading 170.9MB
 dd46708295f1 Downloading 9.437MB
 ad6fa6ecc133 Downloading 172MB
 cb7a778c578a Downloading 19.92MB
 ad6fa6ecc133 Downloading 174.6MB
 cb7a778c578a Downloading 20.97MB
 dd46708295f1 Downloading 9.437MB
 cb7a778c578a Downloading 20.97MB
 dd46708295f1 Downloading 9.437MB
 ad6fa6ecc133 Downloading 177.2MB
 ad6fa6ecc133 Downloading 179.3MB
 cb7a778c578a Downloading 20.97MB
 dd46708295f1 Downloading 9.437MB
 cb7a778c578a Downloading 20.97MB
 dd46708295f1 Downloading 9.437MB
 ad6fa6ecc133 Downloading 179.3MB
 dd46708295f1 Downloading 10.49MB
 ad6fa6ecc133 Downloading 179.3MB
 cb7a778c578a Downloading 20.97MB
 ad6fa6ecc133 Downloading 182.5MB
 cb7a778c578a Downloading 22.02MB
 dd46708295f1 Downloading 10.49MB
 dd46708295f1 Downloading 10.49MB
 ad6fa6ecc133 Downloading 184.5MB
 cb7a778c578a Downloading 22.02MB
 dd46708295f1 Downloading 10.49MB
 ad6fa6ecc133 Downloading 186.6MB
 cb7a778c578a Downloading 23.07MB
 ad6fa6ecc133 Downloading 187.7MB
 cb7a778c578a Downloading 23.07MB
 dd46708295f1 Downloading 10.49MB
 ad6fa6ecc133 Downloading 188.7MB
 cb7a778c578a Downloading 23.07MB
 dd46708295f1 Downloading 10.49MB
 dd46708295f1 Downloading 10.49MB
 ad6fa6ecc133 Downloading 190.8MB
 cb7a778c578a Downloading 23.07MB
 ad6fa6ecc133 Downloading 192.9MB
 cb7a778c578a Downloading 24.12MB
 dd46708295f1 Downloading 10.49MB
 dd46708295f1 Downloading 11.53MB
 ad6fa6ecc133 Downloading 195MB
 cb7a778c578a Downloading 24.12MB
 dd46708295f1 Downloading 11.53MB
 ad6fa6ecc133 Downloading 197.1MB
 cb7a778c578a Downloading 24.12MB
 dd46708295f1 Downloading 11.53MB
 ad6fa6ecc133 Downloading 197.1MB
 cb7a778c578a Downloading 24.12MB
 cb7a778c578a Downloading 25.17MB
 dd46708295f1 Downloading 11.53MB
 ad6fa6ecc133 Downloading 199.2MB
 dd46708295f1 Downloading 11.53MB
 ad6fa6ecc133 Downloading 200.3MB
 cb7a778c578a Downloading 25.17MB
 dd46708295f1 Downloading 11.53MB
 ad6fa6ecc133 Downloading 202.4MB
 cb7a778c578a Downloading 26.21MB
 dd46708295f1 Downloading 11.53MB
 ad6fa6ecc133 Downloading 203.8MB
 cb7a778c578a Downloading 26.21MB
 dd46708295f1 Downloading 12.58MB
 ad6fa6ecc133 Download complete 0B
 cb7a778c578a Downloading 27.26MB
 728543a15d38 Downloading 1.049MB
 dd46708295f1 Downloading 12.58MB
 cb7a778c578a Downloading 27.26MB
 728543a15d38 Downloading 1.049MB
 dd46708295f1 Downloading 12.58MB
 cb7a778c578a Downloading 28.31MB
 728543a15d38 Downloading 3.146MB
 cb7a778c578a Downloading 28.31MB
 728543a15d38 Downloading 3.146MB
 dd46708295f1 Downloading 12.58MB
 dd46708295f1 Downloading 12.58MB
 cb7a778c578a Downloading 28.31MB
 728543a15d38 Downloading 4.194MB
 cb7a778c578a Downloading 29.36MB
 728543a15d38 Downloading 5.243MB
 dd46708295f1 Downloading 12.58MB
 cb7a778c578a Downloading 29.36MB
 728543a15d38 Downloading 7.34MB
 dd46708295f1 Downloading 13.63MB
 cb7a778c578a Downloading 30.41MB
 728543a15d38 Downloading 9.437MB
 dd46708295f1 Downloading 13.63MB
 cb7a778c578a Downloading 30.41MB
 728543a15d38 Downloading 9.437MB
 dd46708295f1 Downloading 13.63MB
 dd46708295f1 Downloading 13.63MB
 cb7a778c578a Downloading 30.41MB
 728543a15d38 Downloading 10.49MB
 dd46708295f1 Downloading 13.63MB
 cb7a778c578a Downloading 31.46MB
 728543a15d38 Downloading 11.53MB
 cb7a778c578a Downloading 31.46MB
 728543a15d38 Downloading 13.63MB
 dd46708295f1 Downloading 13.63MB
 cb7a778c578a Downloading 32.51MB
 728543a15d38 Downloading 14.68MB
 dd46708295f1 Downloading 14.68MB
 cb7a778c578a Downloading 33.55MB
 728543a15d38 Downloading 18.87MB
 dd46708295f1 Downloading 14.68MB
 dd46708295f1 Downloading 14.68MB
 cb7a778c578a Downloading 34.6MB
 728543a15d38 Downloading 19.92MB
 dd46708295f1 Downloading 15.73MB
 cb7a778c578a Downloading 35.65MB
 728543a15d38 Downloading 22.02MB
 dd46708295f1 Downloading 15.73MB
 cb7a778c578a Downloading 35.65MB
 728543a15d38 Downloading 23.07MB
 dd46708295f1 Downloading 15.73MB
 cb7a778c578a Downloading 35.65MB
 728543a15d38 Downloading 23.07MB
 728543a15d38 Downloading 24.12MB
 dd46708295f1 Downloading 15.73MB
 cb7a778c578a Downloading 36.7MB
 cb7a778c578a Downloading 36.7MB
 728543a15d38 Downloading 26.21MB
 dd46708295f1 Downloading 15.73MB
 cb7a778c578a Downloading 37.75MB
 728543a15d38 Downloading 27.26MB
 dd46708295f1 Downloading 15.73MB
 728543a15d38 Downloading 28.31MB
 dd46708295f1 Downloading 16.78MB
 cb7a778c578a Downloading 37.75MB
 cb7a778c578a Downloading 37.75MB
 728543a15d38 Downloading 28.31MB
 dd46708295f1 Downloading 16.78MB
 dd46708295f1 Downloading 16.78MB
 cb7a778c578a Downloading 38.8MB
 728543a15d38 Downloading 29.36MB
 dd46708295f1 Downloading 16.78MB
 cb7a778c578a Downloading 39.85MB
 728543a15d38 Downloading 32.51MB
 dd46708295f1 Downloading 16.78MB
 cb7a778c578a Downloading 40.89MB
 728543a15d38 Downloading 33.55MB
 cb7a778c578a Downloading 40.89MB
 728543a15d38 Downloading 34.6MB
 dd46708295f1 Downloading 17.83MB
 cb7a778c578a Downloading 40.89MB
 728543a15d38 Downloading 35.65MB
 dd46708295f1 Downloading 17.83MB
 dd46708295f1 Downloading 17.83MB
 cb7a778c578a Downloading 41.94MB
 728543a15d38 Downloading 35.65MB
 cb7a778c578a Downloading 41.94MB
 728543a15d38 Downloading 37.75MB
 dd46708295f1 Downloading 17.83MB
 dd46708295f1 Downloading 17.83MB
 cb7a778c578a Downloading 42.99MB
 728543a15d38 Downloading 39.85MB
 dd46708295f1 Downloading 17.83MB
 cb7a778c578a Downloading 44.04MB
 728543a15d38 Downloading 40.89MB
 dd46708295f1 Downloading 18.87MB
 cb7a778c578a Downloading 44.04MB
 728543a15d38 Downloading 41.94MB
 cb7a778c578a Downloading 44.04MB
 728543a15d38 Downloading 41.94MB
 dd46708295f1 Downloading 18.87MB
 dd46708295f1 Downloading 18.87MB
 cb7a778c578a Downloading 45.09MB
 728543a15d38 Downloading 44.04MB
 dd46708295f1 Downloading 18.87MB
 cb7a778c578a Downloading 45.09MB
 728543a15d38 Downloading 45.09MB
 cb7a778c578a Downloading 45.09MB
 728543a15d38 Downloading 46.14MB
 dd46708295f1 Downloading 18.87MB
 cb7a778c578a Downloading 46.14MB
 728543a15d38 Downloading 48.23MB
 dd46708295f1 Downloading 19.92MB
 dd46708295f1 Downloading 19.92MB
 cb7a778c578a Downloading 46.14MB
 728543a15d38 Downloading 48.23MB
 728543a15d38 Downloading 49.28MB
 dd46708295f1 Downloading 19.92MB
 cb7a778c578a Downloading 46.14MB
 dd46708295f1 Downloading 19.92MB
 cb7a778c578a Downloading 47.19MB
 728543a15d38 Downloading 50.33MB
 dd46708295f1 Downloading 19.92MB
 cb7a778c578a Downloading 48.23MB
 728543a15d38 Downloading 51.38MB
 dd46708295f1 Downloading 20.97MB
 cb7a778c578a Downloading 48.23MB
 728543a15d38 Downloading 52.43MB
 dd46708295f1 Downloading 20.97MB
 cb7a778c578a Downloading 48.23MB
 728543a15d38 Downloading 52.43MB
 cb7a778c578a Downloading 49.28MB
 728543a15d38 Downloading 53.48MB
 dd46708295f1 Downloading 20.97MB
 cb7a778c578a Downloading 49.28MB
 728543a15d38 Downloading 53.48MB
 dd46708295f1 Downloading 20.97MB
 cb7a778c578a Downloading 50.33MB
 728543a15d38 Downloading 55.57MB
 dd46708295f1 Downloading 22.02MB
 cb7a778c578a Downloading 51.38MB
 728543a15d38 Downloading 55.57MB
 dd46708295f1 Downloading 22.02MB
 dd46708295f1 Downloading 22.02MB
 cb7a778c578a Downloading 51.38MB
 728543a15d38 Downloading 56.62MB
 dd46708295f1 Downloading 22.02MB
 cb7a778c578a Downloading 51.38MB
 728543a15d38 Downloading 56.62MB
 dd46708295f1 Downloading 22.02MB
 cb7a778c578a Downloading 52.43MB
 728543a15d38 Downloading 57.67MB
 cb7a778c578a Downloading 53.48MB
 728543a15d38 Downloading 58.72MB
 dd46708295f1 Downloading 23.07MB
 dd46708295f1 Downloading 23.07MB
 cb7a778c578a Downloading 53.48MB
 728543a15d38 Downloading 59.77MB
 dd46708295f1 Downloading 23.07MB
 cb7a778c578a Downloading 54.53MB
 728543a15d38 Downloading 60.82MB
 dd46708295f1 Downloading 23.07MB
 cb7a778c578a Downloading 54.53MB
 728543a15d38 Downloading 60.82MB
 dd46708295f1 Downloading 23.07MB
 cb7a778c578a Downloading 55.57MB
 728543a15d38 Downloading 61.87MB
 cb7a778c578a Downloading 56.62MB
 728543a15d38 Downloading 62.91MB
 dd46708295f1 Downloading 24.12MB
 cb7a778c578a Downloading 57.67MB
 728543a15d38 Downloading 63.96MB
 dd46708295f1 Downloading 24.12MB
 cb7a778c578a Downloading 58.72MB
 728543a15d38 Downloading 65.01MB
 dd46708295f1 Downloading 24.12MB
 dd46708295f1 Downloading 24.12MB
 cb7a778c578a Downloading 58.72MB
 728543a15d38 Downloading 65.01MB
 cb7a778c578a Downloading 59.77MB
 728543a15d38 Downloading 65.01MB
 dd46708295f1 Downloading 24.12MB
 cb7a778c578a Downloading 60.82MB
 728543a15d38 Downloading 66.06MB
 dd46708295f1 Downloading 25.17MB
 cb7a778c578a Downloading 61.87MB
 728543a15d38 Downloading 67.11MB
 dd46708295f1 Downloading 25.17MB
 dd46708295f1 Downloading 25.17MB
 cb7a778c578a Downloading 63.96MB
 728543a15d38 Downloading 68.16MB
 cb7a778c578a Downloading 63.96MB
 728543a15d38 Downloading 69.21MB
 dd46708295f1 Downloading 25.17MB
 728543a15d38 Downloading 69.21MB
 dd46708295f1 Downloading 26.21MB
 cb7a778c578a Downloading 63.96MB
 cb7a778c578a Downloading 66.06MB
 728543a15d38 Downloading 70.25MB
 dd46708295f1 Downloading 26.21MB
 dd46708295f1 Downloading 26.21MB
 cb7a778c578a Downloading 67.11MB
 728543a15d38 Downloading 72.35MB
 dd46708295f1 Downloading 27.26MB
 cb7a778c578a Downloading 68.16MB
 728543a15d38 Downloading 73.4MB
 dd46708295f1 Downloading 27.26MB
 cb7a778c578a Downloading 68.16MB
 728543a15d38 Downloading 73.4MB
 dd46708295f1 Downloading 27.26MB
 cb7a778c578a Downloading 69.21MB
 728543a15d38 Downloading 73.4MB
 dd46708295f1 Downloading 27.26MB
 cb7a778c578a Downloading 70.25MB
 728543a15d38 Downloading 75.5MB
 cb7a778c578a Downloading 71.3MB
 728543a15d38 Downloading 76.55MB
 dd46708295f1 Downloading 27.26MB
 dd46708295f1 Downloading 27.26MB
 cb7a778c578a Downloading 73.4MB
 728543a15d38 Downloading 77.59MB
 cb7a778c578a Downloading 73.4MB
 728543a15d38 Downloading 78.64MB
 dd46708295f1 Downloading 27.26MB
 dd46708295f1 Downloading 27.26MB
 cb7a778c578a Downloading 73.4MB
 728543a15d38 Downloading 78.64MB
 dd46708295f1 Downloading 27.26MB
 cb7a778c578a Downloading 74.45MB
 728543a15d38 Downloading 79.69MB
 cb7a778c578a Downloading 75.5MB
 728543a15d38 Downloading 81.79MB
 dd46708295f1 Downloading 28.31MB
 cb7a778c578a Downloading 77.59MB
 728543a15d38 Downloading 82.84MB
 dd46708295f1 Downloading 28.31MB
 dd46708295f1 Downloading 28.31MB
 cb7a778c578a Downloading 77.59MB
 728543a15d38 Downloading 83.89MB
 cb7a778c578a Downloading 77.59MB
 728543a15d38 Downloading 83.89MB
 dd46708295f1 Downloading 28.31MB
 dd46708295f1 Downloading 28.31MB
 cb7a778c578a Downloading 78.64MB
 728543a15d38 Downloading 83.89MB
 dd46708295f1 Downloading 28.31MB
 cb7a778c578a Downloading 79.69MB
 728543a15d38 Downloading 85.98MB
 cb7a778c578a Downloading 80.74MB
 728543a15d38 Downloading 87.03MB
 dd46708295f1 Downloading 28.31MB
 dd46708295f1 Downloading 29.36MB
 cb7a778c578a Downloading 81.79MB
 728543a15d38 Downloading 89.13MB
 dd46708295f1 Downloading 29.36MB
 cb7a778c578a Downloading 81.79MB
 728543a15d38 Downloading 89.13MB
 cb7a778c578a Downloading 82.84MB
 728543a15d38 Downloading 89.13MB
 dd46708295f1 Downloading 29.36MB
 cb7a778c578a Downloading 83.89MB
 728543a15d38 Downloading 91.23MB
 dd46708295f1 Downloading 29.36MB
 cb7a778c578a Downloading 84.93MB
 728543a15d38 Downloading 92.27MB
 dd46708295f1 Downloading 29.36MB
 728543a15d38 Downloading 94.37MB
 dd46708295f1 Downloading 29.36MB
 cb7a778c578a Downloading 85.98MB
 cb7a778c578a Downloading 85.98MB
 728543a15d38 Downloading 94.37MB
 dd46708295f1 Downloading 29.36MB
 dd46708295f1 Downloading 29.36MB
 cb7a778c578a Downloading 85.98MB
 728543a15d38 Downloading 95.42MB
 dd46708295f1 Downloading 29.36MB
 cb7a778c578a Downloading 87.03MB
 728543a15d38 Downloading 96.47MB
 dd46708295f1 Downloading 29.36MB
 cb7a778c578a Downloading 89.13MB
 728543a15d38 Downloading 98.57MB
 cb7a778c578a Downloading 90.18MB
 728543a15d38 Downloading 99.61MB
 dd46708295f1 Downloading 29.36MB
 cb7a778c578a Downloading 91.23MB
 728543a15d38 Downloading 100.7MB
 dd46708295f1 Downloading 30.41MB
 cb7a778c578a Downloading 91.23MB
 728543a15d38 Downloading 100.7MB
 dd46708295f1 Downloading 30.41MB
 dd46708295f1 Downloading 30.41MB
 cb7a778c578a Downloading 91.23MB
 728543a15d38 Downloading 102.8MB
 dd46708295f1 Downloading 30.41MB
 cb7a778c578a Downloading 91.23MB
 728543a15d38 Downloading 103.8MB
 dd46708295f1 Downloading 30.41MB
 cb7a778c578a Downloading 92.27MB
 728543a15d38 Downloading 105.9MB
 728543a15d38 Downloading 107MB
 dd46708295f1 Downloading 30.41MB
 cb7a778c578a Downloading 93.32MB
 dd46708295f1 Downloading 30.41MB
 cb7a778c578a Downloading 93.32MB
 728543a15d38 Downloading 107MB
 cb7a778c578a Downloading 94.37MB
 728543a15d38 Downloading 108MB
 dd46708295f1 Downloading 30.41MB
 728543a15d38 Downloading 109.1MB
 dd46708295f1 Downloading 30.41MB
 cb7a778c578a Downloading 95.42MB
 cb7a778c578a Downloading 96.47MB
 728543a15d38 Downloading 110.1MB
 dd46708295f1 Downloading 30.41MB
 cb7a778c578a Downloading 97.52MB
 728543a15d38 Downloading 112.2MB
 dd46708295f1 Downloading 30.41MB
 dd46708295f1 Downloading 30.41MB
 cb7a778c578a Downloading 98.57MB
 728543a15d38 Downloading 112.2MB
 cb7a778c578a Downloading 98.57MB
 728543a15d38 Downloading 113.2MB
 dd46708295f1 Downloading 30.41MB
 dd46708295f1 Downloading 31.46MB
 cb7a778c578a Downloading 100.7MB
 728543a15d38 Downloading 115.3MB
 cb7a778c578a Downloading 101.7MB
 728543a15d38 Downloading 116.4MB
 dd46708295f1 Downloading 31.46MB
 dd46708295f1 Downloading 31.46MB
 cb7a778c578a Downloading 102.8MB
 728543a15d38 Downloading 117.4MB
 cb7a778c578a Downloading 103.8MB
 728543a15d38 Downloading 119.5MB
 dd46708295f1 Downloading 31.46MB
 dd46708295f1 Downloading 31.46MB
 cb7a778c578a Downloading 104.9MB
 728543a15d38 Downloading 119.5MB
 728543a15d38 Downloading 120.6MB
 dd46708295f1 Downloading 31.46MB
 cb7a778c578a Downloading 105.9MB
 cb7a778c578a Downloading 108MB
 728543a15d38 Downloading 120.6MB
 dd46708295f1 Downloading 31.46MB
 cb7a778c578a Downloading 109.1MB
 728543a15d38 Downloading 120.6MB
 dd46708295f1 Downloading 31.46MB
 dd46708295f1 Downloading 31.46MB
 cb7a778c578a Downloading 110.1MB
 728543a15d38 Downloading 121.6MB
 cb7a778c578a Downloading 110.1MB
 728543a15d38 Downloading 121.6MB
 dd46708295f1 Downloading 31.46MB
 cb7a778c578a Downloading 111.1MB
 728543a15d38 Downloading 123.7MB
 dd46708295f1 Downloading 32.51MB
 cb7a778c578a Downloading 113.2MB
 728543a15d38 Downloading 123.7MB
 dd46708295f1 Downloading 32.51MB
 cb7a778c578a Downloading 115.3MB
 728543a15d38 Downloading 124.8MB
 dd46708295f1 Downloading 32.51MB
 cb7a778c578a Downloading 116.4MB
 728543a15d38 Downloading 125.8MB
 dd46708295f1 Downloading 32.51MB
 dd46708295f1 Downloading 32.51MB
 cb7a778c578a Downloading 116.4MB
 728543a15d38 Downloading 125.8MB
 cb7a778c578a Downloading 117.4MB
 728543a15d38 Downloading 126.9MB
 dd46708295f1 Downloading 32.51MB
 728543a15d38 Downloading 127.9MB
 dd46708295f1 Downloading 32.51MB
 cb7a778c578a Downloading 119.5MB
 cb7a778c578a Downloading 121.6MB
 728543a15d38 Downloading 129MB
 dd46708295f1 Downloading 32.51MB
 dd46708295f1 Downloading 33.55MB
 cb7a778c578a Downloading 122.7MB
 728543a15d38 Downloading 130MB
 cb7a778c578a Downloading 123.7MB
 728543a15d38 Downloading 130MB
 dd46708295f1 Downloading 33.55MB
 dd46708295f1 Downloading 33.55MB
 cb7a778c578a Downloading 123.7MB
 728543a15d38 Downloading 130MB
 dd46708295f1 Downloading 33.55MB
 cb7a778c578a Downloading 124.8MB
 728543a15d38 Downloading 131.1MB
 dd46708295f1 Downloading 33.55MB
 cb7a778c578a Downloading 126.9MB
 728543a15d38 Downloading 132.1MB
 dd46708295f1 Downloading 33.55MB
 cb7a778c578a Downloading 127.9MB
 728543a15d38 Downloading 132.1MB
 dd46708295f1 Downloading 33.55MB
 cb7a778c578a Downloading 127.9MB
 728543a15d38 Downloading 132.1MB
 728543a15d38 Downloading 133.2MB
 dd46708295f1 Downloading 33.55MB
 cb7a778c578a Downloading 129MB
 cb7a778c578a Downloading 130MB
 728543a15d38 Downloading 133.2MB
 dd46708295f1 Downloading 33.55MB
 dd46708295f1 Downloading 33.55MB
 cb7a778c578a Downloading 131.1MB
 728543a15d38 Downloading 134.2MB
 cb7a778c578a Downloading 132.1MB
 728543a15d38 Downloading 135.3MB
 dd46708295f1 Downloading 33.55MB
 dd46708295f1 Downloading 33.55MB
 cb7a778c578a Downloading 133.2MB
 728543a15d38 Downloading 135.3MB
 728543a15d38 Downloading 135.3MB
 dd46708295f1 Downloading 33.55MB
 cb7a778c578a Downloading 133.2MB
 dd46708295f1 Downloading 34.6MB
 cb7a778c578a Downloading 134.2MB
 728543a15d38 Downloading 136.3MB
 dd46708295f1 Downloading 34.6MB
 cb7a778c578a Downloading 136.3MB
 728543a15d38 Downloading 137.4MB
 dd46708295f1 Downloading 34.6MB
 cb7a778c578a Downloading 137.4MB
 728543a15d38 Downloading 137.4MB
 cb7a778c578a Downloading 138MB
 728543a15d38 Downloading 138.4MB
 dd46708295f1 Downloading 34.6MB
 dd46708295f1 Downloading 34.6MB
 cb7a778c578a Download complete 0B
 728543a15d38 Downloading 139.5MB
 dd46708295f1 Downloading 34.6MB
 728543a15d38 Downloading 139.5MB
 728543a15d38 Downloading 140.5MB
 d761efdeec43 Download complete 0B
 dd46708295f1 Downloading 34.6MB
 728543a15d38 Downloading 141.6MB
 dd46708295f1 Downloading 34.6MB
 dd46708295f1 Downloading 34.6MB
 728543a15d38 Downloading 141.6MB
 dd46708295f1 Downloading 35.65MB
 c0e8ed5d167b Download complete 0B
 728543a15d38 Downloading 145.8MB
 dd46708295f1 Downloading 35.65MB
 728543a15d38 Downloading 145.8MB
 dd46708295f1 Downloading 36.7MB
 728543a15d38 Downloading 146.8MB
 728543a15d38 Downloading 147.8MB
 dd46708295f1 Downloading 36.7MB
 dd46708295f1 Downloading 36.7MB
 728543a15d38 Downloading 148.9MB
 dd46708295f1 Downloading 36.7MB
 728543a15d38 Downloading 148.9MB
 728543a15d38 Downloading 149.9MB
 dd46708295f1 Downloading 36.7MB
 dd46708295f1 Downloading 37.75MB
 728543a15d38 Downloading 151MB
 dd46708295f1 Downloading 37.75MB
 728543a15d38 Downloading 153.1MB
 dd46708295f1 Downloading 37.75MB
 728543a15d38 Downloading 154.1MB
 728543a15d38 Downloading 154.1MB
 dd46708295f1 Downloading 37.75MB
 dd46708295f1 Downloading 37.75MB
 728543a15d38 Downloading 155.2MB
 dd46708295f1 Downloading 38.8MB
 728543a15d38 Downloading 157.3MB
 728543a15d38 Downloading 158.3MB
 dd46708295f1 Downloading 38.8MB
 728543a15d38 Downloading 159.4MB
 dd46708295f1 Downloading 38.8MB
 728543a15d38 Downloading 160.4MB
 dd46708295f1 Downloading 38.8MB
 dd46708295f1 Downloading 39.85MB
 728543a15d38 Downloading 161.5MB
 dd46708295f1 Downloading 39.85MB
 728543a15d38 Downloading 162.5MB
 728543a15d38 Downloading 164.6MB
 dd46708295f1 Downloading 40.89MB
 728543a15d38 Downloading 166.7MB
 dd46708295f1 Downloading 40.89MB
 728543a15d38 Downloading 166.7MB
 dd46708295f1 Downloading 40.89MB
 728543a15d38 Downloading 167.8MB
 dd46708295f1 Downloading 40.89MB
 dd46708295f1 Downloading 41.94MB
 728543a15d38 Downloading 169.9MB
 728543a15d38 Downloading 172MB
 dd46708295f1 Downloading 41.94MB
 728543a15d38 Downloading 174.1MB
 dd46708295f1 Downloading 42.99MB
 728543a15d38 Downloading 175.1MB
 dd46708295f1 Downloading 42.99MB
 728543a15d38 Downloading 176.2MB
 dd46708295f1 Downloading 42.99MB
 728543a15d38 Downloading 177.2MB
 dd46708295f1 Downloading 44.04MB
 728543a15d38 Downloading 179.3MB
 dd46708295f1 Downloading 44.04MB
 dd46708295f1 Downloading 45.09MB
 728543a15d38 Downloading 181.4MB
 dd46708295f1 Downloading 45.09MB
 728543a15d38 Downloading 183.5MB
 dd46708295f1 Downloading 45.09MB
 728543a15d38 Downloading 183.5MB
 dd46708295f1 Downloading 45.09MB
 728543a15d38 Downloading 184.5MB
 dd46708295f1 Downloading 45.09MB
 728543a15d38 Downloading 186.6MB
 728543a15d38 Downloading 188.7MB
 dd46708295f1 Downloading 46.14MB
 dd46708295f1 Downloading 46.14MB
 728543a15d38 Downloading 190.8MB
 dd46708295f1 Downloading 46.14MB
 728543a15d38 Downloading 190.8MB
 728543a15d38 Downloading 191.9MB
 dd46708295f1 Downloading 47.19MB
 dd46708295f1 Downloading 47.19MB
 728543a15d38 Downloading 195MB
 728543a15d38 Downloading 197.1MB
 dd46708295f1 Downloading 48.23MB
 728543a15d38 Downloading 199.2MB
 dd46708295f1 Downloading 48.23MB
 dd46708295f1 Downloading 48.23MB
 728543a15d38 Downloading 199.2MB
 728543a15d38 Downloading 200.3MB
 dd46708295f1 Downloading 48.23MB
 dd46708295f1 Downloading 49.28MB
 728543a15d38 Downloading 202.4MB
 728543a15d38 Downloading 205.5MB
 dd46708295f1 Downloading 50.33MB
 728543a15d38 Downloading 206.6MB
 dd46708295f1 Downloading 50.33MB
 728543a15d38 Downloading 207.6MB
 dd46708295f1 Downloading 50.33MB
 728543a15d38 Downloading 207.6MB
 dd46708295f1 Downloading 50.33MB
 728543a15d38 Downloading 210.8MB
 dd46708295f1 Downloading 51.38MB
 dd46708295f1 Downloading 51.38MB
 728543a15d38 Downloading 212.9MB
 728543a15d38 Downloading 215MB
 dd46708295f1 Downloading 52.43MB
 dd46708295f1 Downloading 52.43MB
 728543a15d38 Downloading 216MB
 728543a15d38 Downloading 217.1MB
 dd46708295f1 Downloading 52.43MB
 dd46708295f1 Downloading 53.48MB
 728543a15d38 Downloading 219.2MB
 728543a15d38 Downloading 221.2MB
 dd46708295f1 Downloading 53.48MB
 dd46708295f1 Downloading 53.48MB
 728543a15d38 Downloading 222.3MB
 728543a15d38 Downloading 224.4MB
 dd46708295f1 Downloading 54.53MB
 728543a15d38 Downloading 224.4MB
 dd46708295f1 Downloading 54.53MB
 728543a15d38 Downloading 225.4MB
 dd46708295f1 Downloading 54.53MB
 dd46708295f1 Downloading 55.57MB
 728543a15d38 Downloading 226.5MB
 728543a15d38 Downloading 228.6MB
 dd46708295f1 Downloading 55.57MB
 dd46708295f1 Downloading 56.62MB
 728543a15d38 Downloading 231.7MB
 728543a15d38 Downloading 232.8MB
 dd46708295f1 Downloading 56.62MB
 dd46708295f1 Downloading 56.62MB
 728543a15d38 Downloading 233.8MB
 728543a15d38 Downloading 235.9MB
 dd46708295f1 Downloading 57.67MB
 dd46708295f1 Downloading 57.67MB
 728543a15d38 Downloading 239.1MB
 dd46708295f1 Downloading 58.72MB
 728543a15d38 Downloading 241.2MB
 dd46708295f1 Downloading 58.72MB
 728543a15d38 Downloading 241.2MB
 dd46708295f1 Downloading 58.72MB
 728543a15d38 Downloading 242.2MB
 728543a15d38 Downloading 244.3MB
 dd46708295f1 Downloading 59.77MB
 dd46708295f1 Downloading 59.77MB
 728543a15d38 Downloading 246.4MB
 dd46708295f1 Downloading 60.82MB
 728543a15d38 Downloading 249.6MB
 728543a15d38 Downloading 250.6MB
 dd46708295f1 Downloading 60.82MB
 728543a15d38 Downloading 250.6MB
 dd46708295f1 Downloading 60.82MB
 728543a15d38 Downloading 253.8MB
 dd46708295f1 Downloading 61.87MB
 dd46708295f1 Downloading 61.87MB
 728543a15d38 Downloading 254.8MB
 728543a15d38 Downloading 256.9MB
 dd46708295f1 Downloading 62.91MB
 728543a15d38 Downloading 259MB
 dd46708295f1 Downloading 62.91MB
 728543a15d38 Downloading 259MB
 dd46708295f1 Downloading 62.91MB
 728543a15d38 Downloading 260MB
 dd46708295f1 Downloading 63.96MB
 728543a15d38 Downloading 262.1MB
 dd46708295f1 Downloading 63.96MB
 728543a15d38 Downloading 263.2MB
 dd46708295f1 Downloading 65.01MB
 728543a15d38 Downloading 265.3MB
 dd46708295f1 Downloading 66.06MB
 dd46708295f1 Downloading 66.06MB
 728543a15d38 Downloading 267.4MB
 728543a15d38 Downloading 267.4MB
 dd46708295f1 Downloading 66.06MB
 728543a15d38 Downloading 269.5MB
 dd46708295f1 Downloading 67.11MB
 728543a15d38 Downloading 271.6MB
 dd46708295f1 Downloading 67.11MB
 dd46708295f1 Downloading 68.16MB
 728543a15d38 Downloading 273.7MB
 728543a15d38 Downloading 274.7MB
 dd46708295f1 Downloading 68.16MB
 728543a15d38 Downloading 274.7MB
 dd46708295f1 Downloading 68.16MB
 728543a15d38 Downloading 276.8MB
 dd46708295f1 Downloading 68.16MB
 dd46708295f1 Downloading 69.21MB
 728543a15d38 Downloading 278.9MB
 728543a15d38 Downloading 281MB
 dd46708295f1 Downloading 70.25MB
 728543a15d38 Downloading 282.1MB
 dd46708295f1 Downloading 70.25MB
 dd46708295f1 Downloading 70.25MB
 728543a15d38 Downloading 282.1MB
 dd46708295f1 Downloading 71.3MB
 728543a15d38 Downloading 284.2MB
 dd46708295f1 Downloading 71.3MB
 728543a15d38 Downloading 287.3MB
 dd46708295f1 Downloading 71.3MB
 728543a15d38 Downloading 288.4MB
 728543a15d38 Downloading 289.4MB
 dd46708295f1 Downloading 71.3MB
 728543a15d38 Downloading 290.5MB
 dd46708295f1 Downloading 71.3MB
 dd46708295f1 Downloading 72.35MB
 728543a15d38 Downloading 292.6MB
 728543a15d38 Downloading 294.6MB
 dd46708295f1 Downloading 72.35MB
 728543a15d38 Downloading 297.8MB
 dd46708295f1 Downloading 73.4MB
 728543a15d38 Downloading 298.8MB
 dd46708295f1 Downloading 73.4MB
 728543a15d38 Downloading 298.8MB
 dd46708295f1 Downloading 73.4MB
 728543a15d38 Downloading 300.9MB
 dd46708295f1 Downloading 73.4MB
 728543a15d38 Downloading 303MB
 dd46708295f1 Downloading 74.45MB
 dd46708295f1 Downloading 74.45MB
 728543a15d38 Downloading 304.1MB
 dd46708295f1 Downloading 75.5MB
 728543a15d38 Downloading 306.2MB
 dd46708295f1 Downloading 75.5MB
 728543a15d38 Downloading 307.2MB
 728543a15d38 Downloading 307.2MB
 dd46708295f1 Downloading 75.5MB
 728543a15d38 Downloading 309.3MB
 dd46708295f1 Downloading 75.5MB
 728543a15d38 Downloading 311.4MB
 dd46708295f1 Downloading 76.55MB
 dd46708295f1 Downloading 76.55MB
 728543a15d38 Downloading 312.5MB
 728543a15d38 Downloading 314.6MB
 dd46708295f1 Downloading 76.55MB
 728543a15d38 Downloading 314.6MB
 dd46708295f1 Downloading 77.59MB
 dd46708295f1 Downloading 77.59MB
 728543a15d38 Downloading 315.6MB
 dd46708295f1 Downloading 77.59MB
 728543a15d38 Downloading 317.7MB
 728543a15d38 Downloading 318.8MB
 dd46708295f1 Downloading 78.64MB
 dd46708295f1 Downloading 78.64MB
 728543a15d38 Downloading 318.8MB
 dd46708295f1 Downloading 78.64MB
 728543a15d38 Downloading 319.8MB
 dd46708295f1 Downloading 78.64MB
 728543a15d38 Downloading 319.8MB
 dd46708295f1 Downloading 79.69MB
 728543a15d38 Downloading 321.9MB
 728543a15d38 Downloading 323MB
 dd46708295f1 Downloading 79.69MB
 728543a15d38 Downloading 325.1MB
 dd46708295f1 Downloading 79.69MB
 dd46708295f1 Downloading 79.69MB
 728543a15d38 Downloading 325.1MB
 728543a15d38 Downloading 325.1MB
 dd46708295f1 Downloading 80.74MB
 dd46708295f1 Downloading 80.74MB
 728543a15d38 Downloading 327.2MB
 728543a15d38 Downloading 328.2MB
 dd46708295f1 Downloading 80.74MB
 dd46708295f1 Downloading 81.79MB
 728543a15d38 Downloading 329.3MB
 dd46708295f1 Downloading 81.79MB
 728543a15d38 Downloading 330.3MB
 dd46708295f1 Downloading 81.79MB
 728543a15d38 Downloading 330.3MB
 dd46708295f1 Downloading 81.79MB
 728543a15d38 Downloading 332.4MB
 728543a15d38 Downloading 333.4MB
 dd46708295f1 Downloading 81.79MB
 728543a15d38 Downloading 334.5MB
 dd46708295f1 Downloading 82.84MB
 728543a15d38 Downloading 335.5MB
 dd46708295f1 Downloading 82.84MB
 dd46708295f1 Downloading 82.84MB
 728543a15d38 Downloading 335.5MB
 728543a15d38 Downloading 337.6MB
 dd46708295f1 Downloading 82.84MB
 728543a15d38 Downloading 338.7MB
 dd46708295f1 Downloading 83.89MB
 728543a15d38 Downloading 339.7MB
 dd46708295f1 Downloading 83.89MB
 728543a15d38 Downloading 340.8MB
 dd46708295f1 Downloading 83.89MB
 dd46708295f1 Downloading 83.89MB
 728543a15d38 Downloading 340.8MB
 728543a15d38 Downloading 341.8MB
 dd46708295f1 Downloading 83.89MB
 dd46708295f1 Downloading 84.93MB
 728543a15d38 Downloading 342.9MB
 728543a15d38 Downloading 345MB
 dd46708295f1 Downloading 84.93MB
 dd46708295f1 Downloading 85.98MB
 728543a15d38 Downloading 346MB
 dd46708295f1 Downloading 85.98MB
 728543a15d38 Downloading 346MB
 728543a15d38 Downloading 347.1MB
 dd46708295f1 Downloading 85.98MB
 728543a15d38 Downloading 349.2MB
 dd46708295f1 Downloading 85.98MB
 728543a15d38 Downloading 351.3MB
 dd46708295f1 Downloading 85.98MB
 dd46708295f1 Downloading 87.03MB
 728543a15d38 Downloading 353.4MB
 dd46708295f1 Downloading 87.03MB
 728543a15d38 Downloading 353.4MB
 dd46708295f1 Downloading 87.03MB
 728543a15d38 Downloading 354.4MB
 dd46708295f1 Downloading 88.08MB
 728543a15d38 Downloading 355.5MB
 dd46708295f1 Downloading 88.08MB
 728543a15d38 Downloading 357.6MB
 dd46708295f1 Downloading 88.08MB
 728543a15d38 Downloading 359.7MB
 728543a15d38 Downloading 360.7MB
 dd46708295f1 Downloading 89.13MB
 728543a15d38 Downloading 361.8MB
 dd46708295f1 Downloading 89.13MB
 dd46708295f1 Downloading 89.13MB
 728543a15d38 Downloading 362.8MB
 dd46708295f1 Downloading 89.13MB
 728543a15d38 Downloading 362.8MB
 728543a15d38 Downloading 362.8MB
 dd46708295f1 Downloading 90.18MB
 728543a15d38 Downloading 364.9MB
 dd46708295f1 Downloading 90.18MB
 728543a15d38 Downloading 364.9MB
 dd46708295f1 Downloading 90.18MB
 dd46708295f1 Downloading 90.18MB
 728543a15d38 Downloading 367MB
 728543a15d38 Downloading 368.1MB
 dd46708295f1 Downloading 91.23MB
 dd46708295f1 Downloading 91.23MB
 728543a15d38 Downloading 371.2MB
 728543a15d38 Downloading 373.3MB
 dd46708295f1 Downloading 92.27MB
 dd46708295f1 Downloading 92.27MB
 728543a15d38 Downloading 373.3MB
 728543a15d38 Downloading 374.3MB
 dd46708295f1 Downloading 92.27MB
 dd46708295f1 Downloading 93.32MB
 728543a15d38 Downloading 376.4MB
 dd46708295f1 Downloading 93.32MB
 728543a15d38 Downloading 378.5MB
 728543a15d38 Downloading 380.6MB
 dd46708295f1 Downloading 93.32MB
 dd46708295f1 Downloading 94.37MB
 728543a15d38 Downloading 380.6MB
 728543a15d38 Downloading 382.7MB
 dd46708295f1 Downloading 94.37MB
 728543a15d38 Downloading 384.8MB
 dd46708295f1 Downloading 94.37MB
 728543a15d38 Downloading 388MB
 dd46708295f1 Downloading 95.42MB
 728543a15d38 Downloading 390.1MB
 dd46708295f1 Downloading 95.42MB
 dd46708295f1 Downloading 95.42MB
 728543a15d38 Downloading 391.1MB
 728543a15d38 Downloading 391.1MB
 dd46708295f1 Downloading 95.42MB
 dd46708295f1 Downloading 96.47MB
 728543a15d38 Downloading 393.2MB
 dd46708295f1 Downloading 96.47MB
 728543a15d38 Downloading 394.3MB
 728543a15d38 Downloading 396.4MB
 dd46708295f1 Downloading 97.52MB
 728543a15d38 Downloading 398.5MB
 dd46708295f1 Downloading 97.52MB
 dd46708295f1 Downloading 97.52MB
 728543a15d38 Downloading 398.5MB
 728543a15d38 Downloading 399.5MB
 dd46708295f1 Downloading 98.57MB
 728543a15d38 Downloading 402.7MB
 dd46708295f1 Downloading 98.57MB
 728543a15d38 Downloading 406.8MB
 dd46708295f1 Downloading 99.61MB
 dd46708295f1 Downloading 99.61MB
 728543a15d38 Downloading 406.8MB
 dd46708295f1 Downloading 99.61MB
 728543a15d38 Downloading 407.9MB
 dd46708295f1 Downloading 99.61MB
 728543a15d38 Downloading 411MB
 728543a15d38 Downloading 413.1MB
 dd46708295f1 Downloading 100.7MB
 dd46708295f1 Downloading 100.7MB
 728543a15d38 Downloading 415.2MB
 728543a15d38 Downloading 415.2MB
 dd46708295f1 Downloading 100.7MB
 728543a15d38 Downloading 416.3MB
 dd46708295f1 Downloading 100.7MB
 dd46708295f1 Downloading 101.7MB
 728543a15d38 Downloading 419.4MB
 dd46708295f1 Downloading 101.7MB
 728543a15d38 Downloading 422.6MB
 728543a15d38 Downloading 425.7MB
 dd46708295f1 Downloading 101.7MB
 728543a15d38 Downloading 425.7MB
 dd46708295f1 Downloading 101.7MB
 dd46708295f1 Downloading 102.8MB
 728543a15d38 Downloading 426.8MB
 dd46708295f1 Downloading 102.8MB
 728543a15d38 Downloading 429.9MB
 728543a15d38 Downloading 432MB
 dd46708295f1 Downloading 102.8MB
 dd46708295f1 Downloading 102.8MB
 728543a15d38 Downloading 434.1MB
 728543a15d38 Downloading 436.2MB
 dd46708295f1 Downloading 103.8MB
 dd46708295f1 Downloading 103.8MB
 728543a15d38 Downloading 436.2MB
 dd46708295f1 Downloading 103.8MB
 728543a15d38 Downloading 438.3MB
 728543a15d38 Downloading 441.5MB
 dd46708295f1 Downloading 103.8MB
 dd46708295f1 Downloading 104.9MB
 728543a15d38 Downloading 445.6MB
 728543a15d38 Downloading 445.6MB
 dd46708295f1 Downloading 104.9MB
 728543a15d38 Downloading 446.7MB
 dd46708295f1 Downloading 104.9MB
 dd46708295f1 Downloading 105.9MB
 728543a15d38 Downloading 448.8MB
 728543a15d38 Downloading 450.9MB
 dd46708295f1 Downloading 105.9MB
 728543a15d38 Downloading 453MB
 dd46708295f1 Downloading 105.9MB
 dd46708295f1 Downloading 105.9MB
 728543a15d38 Downloading 454MB
 728543a15d38 Downloading 454MB
 dd46708295f1 Downloading 105.9MB
 728543a15d38 Downloading 457.2MB
 dd46708295f1 Downloading 107MB
 dd46708295f1 Downloading 107MB
 728543a15d38 Downloading 459.3MB
 728543a15d38 Downloading 462.4MB
 dd46708295f1 Downloading 108MB
 728543a15d38 Downloading 463.5MB
 dd46708295f1 Downloading 108MB
 dd46708295f1 Downloading 108MB
 728543a15d38 Downloading 465.6MB
 dd46708295f1 Downloading 109.1MB
 728543a15d38 Downloading 468.7MB
 dd46708295f1 Downloading 109.1MB
 728543a15d38 Downloading 472.9MB
 728543a15d38 Downloading 472.9MB
 dd46708295f1 Downloading 109.1MB
 dd46708295f1 Downloading 113.2MB
 728543a15d38 Downloading 490.7MB
 728543a15d38 Downloading 492.8MB
 dd46708295f1 Downloading 113.2MB
 dd46708295f1 Downloading 113.2MB
 728543a15d38 Downloading 494.9MB
 dd46708295f1 Downloading 114.3MB
 728543a15d38 Downloading 497MB
 728543a15d38 Downloading 498.1MB
 dd46708295f1 Downloading 114.3MB
 728543a15d38 Downloading 499.1MB
 dd46708295f1 Downloading 114.3MB
 728543a15d38 Downloading 503.3MB
 dd46708295f1 Downloading 115.3MB
 dd46708295f1 Downloading 116.4MB
 728543a15d38 Downloading 505.4MB
 dd46708295f1 Downloading 116.4MB
 728543a15d38 Downloading 507.5MB
 728543a15d38 Downloading 507.5MB
 dd46708295f1 Downloading 116.4MB
 dd46708295f1 Downloading 116.4MB
 728543a15d38 Downloading 509.6MB
 728543a15d38 Downloading 513.8MB
 dd46708295f1 Downloading 117.4MB
 728543a15d38 Downloading 523.2MB
 dd46708295f1 Downloading 119.5MB
 dd46708295f1 Downloading 119.5MB
 728543a15d38 Downloading 523.2MB
 dd46708295f1 Downloading 119.5MB
 728543a15d38 Downloading 523.2MB
 728543a15d38 Downloading 530.6MB
 dd46708295f1 Downloading 121.6MB
 728543a15d38 Downloading 536.9MB
 dd46708295f1 Downloading 122.7MB
 728543a15d38 Downloading 536.9MB
 dd46708295f1 Downloading 122.7MB
 dd46708295f1 Downloading 122.7MB
 728543a15d38 Downloading 537.9MB
 728543a15d38 Downloading 540MB
 dd46708295f1 Downloading 123.7MB
 dd46708295f1 Downloading 123.7MB
 728543a15d38 Downloading 542.1MB
 728543a15d38 Downloading 545.3MB
 dd46708295f1 Downloading 124.8MB
 728543a15d38 Downloading 546.3MB
 dd46708295f1 Downloading 124.8MB
 dd46708295f1 Downloading 124.8MB
 728543a15d38 Downloading 546.3MB
 dd46708295f1 Downloading 125.8MB
 728543a15d38 Downloading 550.5MB
 dd46708295f1 Downloading 126.9MB
 728543a15d38 Downloading 553.6MB
 728543a15d38 Downloading 553.6MB
 dd46708295f1 Downloading 126.9MB
 dd46708295f1 Downloading 126.9MB
 728543a15d38 Downloading 554.7MB
 728543a15d38 Downloading 556.8MB
 dd46708295f1 Downloading 126.9MB
 728543a15d38 Downloading 558.9MB
 dd46708295f1 Downloading 127.9MB
 728543a15d38 Downloading 561MB
 dd46708295f1 Downloading 127.9MB
 728543a15d38 Downloading 562MB
 dd46708295f1 Downloading 129MB
 dd46708295f1 Downloading 129MB
 728543a15d38 Downloading 562MB
 728543a15d38 Downloading 565.2MB
 dd46708295f1 Downloading 129MB
 728543a15d38 Downloading 567.3MB
 dd46708295f1 Downloading 130MB
 dd46708295f1 Downloading 131.1MB
 728543a15d38 Downloading 570.4MB
 728543a15d38 Downloading 571.5MB
 dd46708295f1 Downloading 131.1MB
 dd46708295f1 Downloading 131.1MB
 728543a15d38 Downloading 571.5MB
 dd46708295f1 Downloading 131.1MB
 728543a15d38 Downloading 573.6MB
 728543a15d38 Downloading 575.7MB
 dd46708295f1 Downloading 132.1MB
 728543a15d38 Downloading 578.8MB
 dd46708295f1 Downloading 132.1MB
 728543a15d38 Downloading 580.9MB
 dd46708295f1 Downloading 132.1MB
 728543a15d38 Downloading 580.9MB
 dd46708295f1 Downloading 133.2MB
 728543a15d38 Downloading 589.3MB
 dd46708295f1 Downloading 134.2MB
 728543a15d38 Downloading 589.3MB
 dd46708295f1 Downloading 134.2MB
 dd46708295f1 Downloading 136.3MB
 728543a15d38 Downloading 596.6MB
 728543a15d38 Downloading 596.6MB
 dd46708295f1 Downloading 136.3MB
 728543a15d38 Downloading 597.7MB
 dd46708295f1 Downloading 136.3MB
 728543a15d38 Downloading 598.7MB
 dd46708295f1 Downloading 136.3MB
 728543a15d38 Downloading 601.9MB
 dd46708295f1 Downloading 137.4MB
 728543a15d38 Downloading 604MB
 dd46708295f1 Downloading 137.4MB
 728543a15d38 Downloading 605MB
 dd46708295f1 Downloading 138.4MB
 dd46708295f1 Downloading 138.4MB
 728543a15d38 Downloading 606.1MB
 728543a15d38 Downloading 608.2MB
 dd46708295f1 Downloading 138.4MB
 728543a15d38 Downloading 611.3MB
 dd46708295f1 Downloading 139.5MB
 728543a15d38 Downloading 613.4MB
 dd46708295f1 Downloading 139.5MB
 dd46708295f1 Downloading 140.5MB
 728543a15d38 Downloading 616.6MB
 728543a15d38 Downloading 617.6MB
 dd46708295f1 Downloading 140.5MB
 728543a15d38 Downloading 620.8MB
 dd46708295f1 Downloading 141.6MB
 728543a15d38 Downloading 623.9MB
 dd46708295f1 Downloading 141.6MB
 dd46708295f1 Downloading 142.6MB
 728543a15d38 Downloading 626MB
 728543a15d38 Downloading 626MB
 dd46708295f1 Downloading 142.6MB
 728543a15d38 Downloading 627MB
 dd46708295f1 Downloading 142.6MB
 dd46708295f1 Downloading 143.7MB
 728543a15d38 Downloading 630.2MB
 dd46708295f1 Downloading 143.7MB
 728543a15d38 Downloading 633.3MB
 dd46708295f1 Downloading 144.7MB
 728543a15d38 Downloading 635.4MB
 dd46708295f1 Downloading 144.7MB
 728543a15d38 Downloading 636.5MB
 dd46708295f1 Downloading 144.7MB
 728543a15d38 Downloading 637.5MB
 728543a15d38 Downloading 639.6MB
 dd46708295f1 Downloading 144.7MB
 728543a15d38 Downloading 641.7MB
 dd46708295f1 Downloading 145.8MB
 dd46708295f1 Downloading 145.8MB
 728543a15d38 Downloading 644.9MB
 728543a15d38 Downloading 645.9MB
 dd46708295f1 Downloading 146.8MB
 728543a15d38 Downloading 645.9MB
 dd46708295f1 Downloading 146.8MB
 728543a15d38 Downloading 647MB
 dd46708295f1 Downloading 146.8MB
 dd46708295f1 Downloading 146.8MB
 728543a15d38 Downloading 650.1MB
 728543a15d38 Downloading 652.2MB
 dd46708295f1 Downloading 147.8MB
 728543a15d38 Downloading 654.3MB
 dd46708295f1 Downloading 147.8MB
 728543a15d38 Downloading 654.3MB
 dd46708295f1 Downloading 147.8MB
 dd46708295f1 Downloading 148.9MB
 728543a15d38 Downloading 657.5MB
 dd46708295f1 Downloading 148.9MB
 728543a15d38 Downloading 658.5MB
 dd46708295f1 Downloading 148.9MB
 728543a15d38 Downloading 660.6MB
 dd46708295f1 Downloading 149.9MB
 728543a15d38 Downloading 663.7MB
 dd46708295f1 Downloading 149.9MB
 728543a15d38 Downloading 663.7MB
 dd46708295f1 Downloading 149.9MB
 728543a15d38 Downloading 664.8MB
 dd46708295f1 Downloading 149.9MB
 728543a15d38 Downloading 666.9MB
 dd46708295f1 Downloading 151MB
 728543a15d38 Downloading 667.9MB
 dd46708295f1 Downloading 151MB
 728543a15d38 Downloading 670MB
 dd46708295f1 Downloading 152MB
 728543a15d38 Download complete 0B
 dd46708295f1 Downloading 152MB
 dd46708295f1 Downloading 152MB
 dd46708295f1 Downloading 154.1MB
 dd46708295f1 Downloading 154.1MB
 dd46708295f1 Downloading 154.1MB
 dd46708295f1 Downloading 155.2MB
 dd46708295f1 Downloading 157.3MB
 dd46708295f1 Downloading 157.3MB
 dd46708295f1 Downloading 157.3MB
 dd46708295f1 Downloading 158.3MB
 dd46708295f1 Downloading 159.4MB
 dd46708295f1 Downloading 160.4MB
 dd46708295f1 Downloading 161.5MB
 dd46708295f1 Downloading 161.5MB
 dd46708295f1 Downloading 167.8MB
 dd46708295f1 Downloading 167.8MB
 dd46708295f1 Downloading 169.9MB
 dd46708295f1 Downloading 170.9MB
 dd46708295f1 Downloading 173MB
 dd46708295f1 Downloading 174.1MB
 dd46708295f1 Downloading 174.1MB
 dd46708295f1 Downloading 176.2MB
 dd46708295f1 Downloading 178.3MB
 dd46708295f1 Downloading 179.3MB
 dd46708295f1 Downloading 181.4MB
 dd46708295f1 Downloading 181.4MB
 dd46708295f1 Downloading 182.5MB
 dd46708295f1 Downloading 184.5MB
 dd46708295f1 Downloading 186.6MB
 dd46708295f1 Downloading 188.7MB
 dd46708295f1 Downloading 188.7MB
 dd46708295f1 Downloading 199.2MB
 dd46708295f1 Downloading 200.3MB
 dd46708295f1 Downloading 209.7MB
 dd46708295f1 Downloading 215MB
 dd46708295f1 Downloading 216MB
 dd46708295f1 Downloading 218.1MB
 dd46708295f1 Downloading 219.2MB
 dd46708295f1 Downloading 222.3MB
 dd46708295f1 Download complete 0B
 dd46708295f1 Extracting 1B
 dd46708295f1 Extracting 1B
 dd46708295f1 Extracting 1B
 dd46708295f1 Extracting 1B
 dd46708295f1 Extracting 1B
 dd46708295f1 Extracting 1B
 dd46708295f1 Extracting 2B
 dd46708295f1 Extracting 2B
 dd46708295f1 Extracting 3B
 dd46708295f1 Extracting 3B
 dd46708295f1 Extracting 3B
 dd46708295f1 Extracting 4B
 dd46708295f1 Extracting 5B
 dd46708295f1 Extracting 5B
 dd46708295f1 Extracting 5B
 dd46708295f1 Extracting 6B
 dd46708295f1 Extracting 6B
 dd46708295f1 Extracting 6B
 dd46708295f1 Extracting 8B
 dd46708295f1 Extracting 9B
 dd46708295f1 Extracting 9B
 dd46708295f1 Extracting 10B
 dd46708295f1 Extracting 10B
 dd46708295f1 Extracting 10B
 dd46708295f1 Extracting 12B
 dd46708295f1 Extracting 12B
 dd46708295f1 Extracting 12B
 dd46708295f1 Extracting 12B
 dd46708295f1 Extracting 12B
 dd46708295f1 Extracting 13B
 dd46708295f1 Extracting 13B
 dd46708295f1 Extracting 13B
 dd46708295f1 Extracting 13B
 dd46708295f1 Extracting 13B
 dd46708295f1 Extracting 14B
 dd46708295f1 Extracting 14B
 dd46708295f1 Extracting 14B
 dd46708295f1 Extracting 14B
 dd46708295f1 Extracting 14B
 dd46708295f1 Extracting 15B
 dd46708295f1 Extracting 15B
 dd46708295f1 Extracting 15B
 dd46708295f1 Extracting 15B
 dd46708295f1 Extracting 15B
 dd46708295f1 Extracting 15B
 dd46708295f1 Extracting 15B
 dd46708295f1 Extracting 16B
 dd46708295f1 Extracting 16B
 dd46708295f1 Extracting 16B
 dd46708295f1 Extracting 17B
 dd46708295f1 Extracting 17B
 dd46708295f1 Extracting 17B
 dd46708295f1 Extracting 17B
 dd46708295f1 Extracting 17B
 dd46708295f1 Extracting 17B
 dd46708295f1 Extracting 17B
 dd46708295f1 Extracting 17B
 dd46708295f1 Extracting 17B
 dd46708295f1 Extracting 17B
 dd46708295f1 Extracting 18B
 dd46708295f1 Extracting 18B
 cb7a778c578a Extracting 1B
 c0e8ed5d167b Pull complete 0B
 dd46708295f1 Pull complete 0B
 cb7a778c578a Extracting 1B
 cb7a778c578a Extracting 2B
 cb7a778c578a Extracting 2B
 cb7a778c578a Extracting 2B
 cb7a778c578a Extracting 3B
 cb7a778c578a Extracting 3B
 cb7a778c578a Extracting 3B
 cb7a778c578a Extracting 3B
 cb7a778c578a Extracting 3B
 cb7a778c578a Extracting 3B
 cb7a778c578a Extracting 3B
 cb7a778c578a Extracting 3B
 cb7a778c578a Extracting 4B
 cb7a778c578a Extracting 4B
 cb7a778c578a Extracting 4B
 cb7a778c578a Extracting 4B
 cb7a778c578a Extracting 4B
 cb7a778c578a Extracting 5B
 cb7a778c578a Extracting 6B
 cb7a778c578a Extracting 6B
 cb7a778c578a Extracting 7B
 cb7a778c578a Extracting 7B
 cb7a778c578a Extracting 7B
 cb7a778c578a Extracting 7B
 cb7a778c578a Extracting 7B
 cb7a778c578a Extracting 7B
 cb7a778c578a Extracting 8B
 cb7a778c578a Extracting 8B
 cb7a778c578a Extracting 8B
 cb7a778c578a Extracting 8B
 cb7a778c578a Extracting 8B
 cb7a778c578a Extracting 8B
 cb7a778c578a Extracting 8B
 cb7a778c578a Extracting 8B
 cb7a778c578a Extracting 8B
 cb7a778c578a Extracting 9B
 cb7a778c578a Extracting 9B
 cb7a778c578a Extracting 9B
 cb7a778c578a Extracting 9B
 cb7a778c578a Extracting 10B
 cb7a778c578a Extracting 10B
 cb7a778c578a Extracting 10B
 cb7a778c578a Extracting 10B
 cb7a778c578a Extracting 10B
 cb7a778c578a Extracting 11B
 cb7a778c578a Extracting 11B
 cb7a778c578a Extracting 11B
 cb7a778c578a Extracting 11B
 cb7a778c578a Extracting 11B
 cb7a778c578a Extracting 11B
 cb7a778c578a Extracting 11B
 cb7a778c578a Extracting 12B
 cb7a778c578a Extracting 12B
 cb7a778c578a Extracting 12B
 cb7a778c578a Extracting 12B
 cb7a778c578a Extracting 12B
 cb7a778c578a Extracting 13B
 cb7a778c578a Extracting 13B
 cb7a778c578a Extracting 13B
 cb7a778c578a Extracting 13B
 cb7a778c578a Extracting 13B
 cb7a778c578a Extracting 13B
 cb7a778c578a Extracting 14B
 cb7a778c578a Extracting 14B
 cb7a778c578a Extracting 14B
 cb7a778c578a Extracting 15B
 cb7a778c578a Extracting 15B
 cb7a778c578a Extracting 16B
 cb7a778c578a Extracting 16B
 cb7a778c578a Extracting 17B
 cb7a778c578a Extracting 18B
 cb7a778c578a Extracting 19B
 cb7a778c578a Extracting 20B
 cb7a778c578a Extracting 21B
 cb7a778c578a Extracting 22B
 cb7a778c578a Extracting 23B
 cb7a778c578a Extracting 23B
 cb7a778c578a Extracting 23B
 cb7a778c578a Extracting 23B
 cb7a778c578a Extracting 24B
 cb7a778c578a Extracting 24B
 cb7a778c578a Extracting 24B
 cb7a778c578a Extracting 24B
 cb7a778c578a Extracting 24B
 cb7a778c578a Extracting 24B
 cb7a778c578a Extracting 24B
 cb7a778c578a Extracting 24B
 cb7a778c578a Extracting 25B
 cb7a778c578a Extracting 25B
 cb7a778c578a Extracting 25B
 cb7a778c578a Extracting 25B
 cb7a778c578a Extracting 25B
 cb7a778c578a Extracting 25B
 cb7a778c578a Extracting 25B
 cb7a778c578a Extracting 26B
 cb7a778c578a Extracting 26B
 cb7a778c578a Extracting 26B
 cb7a778c578a Extracting 26B
 cb7a778c578a Extracting 26B
 cb7a778c578a Extracting 26B
 cb7a778c578a Extracting 26B
 cb7a778c578a Extracting 26B
 cb7a778c578a Extracting 26B
 cb7a778c578a Extracting 27B
 cb7a778c578a Extracting 27B
 cb7a778c578a Extracting 27B
 cb7a778c578a Extracting 27B
 cb7a778c578a Extracting 27B
 cb7a778c578a Extracting 27B
 cb7a778c578a Extracting 28B
 cb7a778c578a Extracting 28B
 cb7a778c578a Extracting 28B
 cb7a778c578a Extracting 28B
 cb7a778c578a Extracting 29B
 cb7a778c578a Extracting 29B
 cb7a778c578a Extracting 29B
 cb7a778c578a Extracting 29B
 cb7a778c578a Extracting 29B
 cb7a778c578a Extracting 29B
 cb7a778c578a Extracting 29B
 cb7a778c578a Extracting 29B
 cb7a778c578a Extracting 29B
 cb7a778c578a Extracting 29B
 cb7a778c578a Extracting 29B
 b2e202c15240 Pull complete 0B
 cb7a778c578a Pull complete 0B
 d761efdeec43 Pull complete 0B
 728543a15d38 Extracting 1B
 728543a15d38 Extracting 2B
 728543a15d38 Extracting 2B
 728543a15d38 Extracting 3B
 728543a15d38 Extracting 3B
 728543a15d38 Extracting 3B
 728543a15d38 Extracting 3B
 728543a15d38 Extracting 3B
 728543a15d38 Extracting 3B
 728543a15d38 Extracting 3B
 728543a15d38 Extracting 4B
 728543a15d38 Extracting 4B
 728543a15d38 Extracting 4B
 728543a15d38 Extracting 4B
 728543a15d38 Extracting 4B
 728543a15d38 Extracting 8B
 728543a15d38 Extracting 10B
 728543a15d38 Extracting 11B
 728543a15d38 Extracting 22B
 728543a15d38 Extracting 56B
 728543a15d38 Extracting 56B
 728543a15d38 Extracting 56B
 728543a15d38 Extracting 57B
 728543a15d38 Extracting 57B
 728543a15d38 Extracting 57B
failed to extract layer (application/vnd.docker.image.rootfs.diff.tar.gzip sha256:728543a15d3812c50d8abeb6b4d99c931b470f073523beb15d071d5a858f6bcf) to overlayfs as "extract-951000764-k9IR sha256:47b70c2e65b3ec8ec40234b210e4b7c5c065e58eaa2353d4809c0b736e202685": write /var/lib/desktop-containerd/daemon/io.containerd.snapshotter.v1.overlayfs/snapshots/548/fs/build/gcc-build-debug/x86_64-pc-linux-gnu/libgcc/bid_binarydecimal.o: read-only file system
. Stderr: None. 

During handling of the above exception, another exception occurred:

Traceback (most recent call last):
  File "/Users/arsh/.local/share/uv/tools/harbor/lib/python3.12/site-packages/harbor/trial/queue.py", line 242, in _run_trial
    return await self._execute_trial_with_retries(trial_config)
           ^^^^^^^^^^^^^^^^^^^^^^^^^^^^^^^^^^^^^^^^^^^^^^^^^^^^
  File "/Users/arsh/.local/share/uv/tools/harbor/lib/python3.12/site-packages/harbor/trial/queue.py", line 203, in _execute_trial_with_retries
    result = await trial.run()
             ^^^^^^^^^^^^^^^^^
  File "/Users/arsh/.local/share/uv/tools/harbor/lib/python3.12/site-packages/harbor/trial/trial.py", line 387, in run
    self._record_exception(exc)
  File "/Users/arsh/.local/share/uv/tools/harbor/lib/python3.12/site-packages/harbor/trial/trial.py", line 431, in _record_exception
    self.paths.exception_message_path.write_text(traceback.format_exc())
  File "/Users/arsh/.local/share/uv/python/cpython-3.12.13-macos-aarch64-none/lib/python3.12/pathlib.py", line 1047, in write_text
    with self.open(mode='w', encoding=encoding, errors=errors, newline=newline) as f:
         ^^^^^^^^^^^^^^^^^^^^^^^^^^^^^^^^^^^^^^^^^^^^^^^^^^^^^^^^^^^^^^^^^^^^^^
  File "/Users/arsh/.local/share/uv/python/cpython-3.12.13-macos-aarch64-none/lib/python3.12/pathlib.py", line 1013, in open
    return io.open(self, mode, buffering, encoding, errors, newline)
           ^^^^^^^^^^^^^^^^^^^^^^^^^^^^^^^^^^^^^^^^^^^^^^^^^^^^^^^^^
OSError: [Errno 28] No space left on device: 'jobs/p1-terminus-2-custom-memory-heap-crash-r1/custom-memory-heap-crash__8zySVsV/exception.txt'
