start p1-terminus-2-regex-log-r2
start p1-terminus-2-large-scale-text-editing-r3
start p1-mini-swe-agent-multi-source-data-merger-r3
done  p1-terminus-2-regex-log-r2
start p1-mini-swe-agent-financial-document-processor-r3
done  p1-mini-swe-agent-multi-source-data-merger-r3
start p1-mini-swe-agent-financial-document-processor-r2
done  p1-mini-swe-agent-financial-document-processor-r2
start p1-terminus-2-polyglot-rust-c-r1
done  p1-mini-swe-agent-financial-document-processor-r3
start p1-pi-feal-linear-cryptanalysis-r3
done  p1-pi-feal-linear-cryptanalysis-r3
start p1-terminus-2-crack-7z-hash-r2
done  p1-terminus-2-crack-7z-hash-r2
start p1-pi-filter-js-from-html-r3
done  p1-terminus-2-polyglot-rust-c-r1
start p1-terminus-2-cobol-modernization-r3
done  p1-terminus-2-cobol-modernization-r3
start p1-mini-swe-agent-model-extraction-relu-logits-r1
done  p1-mini-swe-agent-model-extraction-relu-logits-r1
start p1-terminus-2-modernize-scientific-stack-r3
done  p1-terminus-2-modernize-scientific-stack-r3
start p1-pi-fix-git-r3
done  p1-terminus-2-large-scale-text-editing-r3
start p1-pi-count-dataset-tokens-r1
done  p1-pi-fix-git-r3
start p1-mini-swe-agent-polyglot-rust-c-r1
done  p1-pi-count-dataset-tokens-r1
start p1-terminus-2-polyglot-c-py-r1
done  p1-pi-filter-js-from-html-r3
start p1-pi-winning-avg-corewars-r3
fail  p1-mini-swe-agent-polyglot-rust-c-r1 (no reward, will retry on next pass)
start p1-pi-cancel-async-tasks-r3
done  p1-pi-cancel-async-tasks-r3
start p1-pi-filter-js-from-html-r2
done  p1-terminus-2-polyglot-c-py-r1
start p1-pi-modernize-scientific-stack-r3
done  p1-pi-winning-avg-corewars-r3
start p1-pi-adaptive-rejection-sampler-r3
done  p1-pi-modernize-scientific-stack-r3
start p1-mini-swe-agent-constraints-scheduling-r1
fail  p1-mini-swe-agent-constraints-scheduling-r1 (no reward, will retry on next pass)
start p1-mini-swe-agent-git-multibranch-r1
done  p1-mini-swe-agent-git-multibranch-r1
start p1-terminus-2-custom-memory-heap-crash-r1
fail  p1-terminus-2-custom-memory-heap-crash-r1 (no reward, will retry on next pass)
=== resumed Sat Oct  3 22:43:52 AEST 2026 ===
skip  p1-terminus-2-regex-log-r2 (done)
skip  p1-mini-swe-agent-multi-source-data-merger-r3 (done)
skip  p1-terminus-2-large-scale-text-editing-r3 (done)
skip  p1-mini-swe-agent-financial-document-processor-r3 (done)
skip  p1-mini-swe-agent-financial-document-processor-r2 (done)
skip  p1-terminus-2-polyglot-rust-c-r1 (done)
skip  p1-pi-filter-js-from-html-r3 (done)
skip  p1-terminus-2-crack-7z-hash-r2 (done)
skip  p1-pi-feal-linear-cryptanalysis-r3 (done)
skip  p1-terminus-2-modernize-scientific-stack-r3 (done)
skip  p1-mini-swe-agent-model-extraction-relu-logits-r1 (done)
skip  p1-terminus-2-cobol-modernization-r3 (done)
skip  p1-pi-fix-git-r3 (done)
start p1-mini-swe-agent-polyglot-rust-c-r1-retry1
skip  p1-pi-count-dataset-tokens-r1 (done)
skip  p1-pi-winning-avg-corewars-r3 (done)
skip  p1-terminus-2-polyglot-c-py-r1 (done)
start p1-pi-filter-js-from-html-r2-retry1
skip  p1-pi-cancel-async-tasks-r3 (done)
skip  p1-pi-modernize-scientific-stack-r3 (done)
start p1-pi-adaptive-rejection-sampler-r3-retry1
done  p1-mini-swe-agent-polyglot-rust-c-r1-retry1
start p1-mini-swe-agent-constraints-scheduling-r1-retry1
done  p1-mini-swe-agent-constraints-scheduling-r1-retry1
skip  p1-mini-swe-agent-git-multibranch-r1 (done)
start p1-terminus-2-custom-memory-heap-crash-r1-retry1
done  p1-pi-adaptive-rejection-sampler-r3-retry1
start p1-terminus-2-count-dataset-tokens-r3
fail  p1-terminus-2-count-dataset-tokens-r3 (no reward, will retry on next pass)
start p1-terminus-2-db-wal-recovery-r1
done  p1-terminus-2-db-wal-recovery-r1
start p1-terminus-2-build-pov-ray-r3
fail  p1-terminus-2-build-pov-ray-r3 (no reward, will retry on next pass)
start p1-terminus-2-protein-assembly-r1
done  p1-terminus-2-custom-memory-heap-crash-r1-retry1
prune (19 GB free)
start p1-terminus-2-prove-plus-comm-r3
done  p1-pi-filter-js-from-html-r2-retry1
start p1-mini-swe-agent-cancel-async-tasks-r1
done  p1-terminus-2-prove-plus-comm-r3
start p1-terminus-2-chess-best-move-r3
done  p1-mini-swe-agent-cancel-async-tasks-r1
start p1-pi-custom-memory-heap-crash-r3
done  p1-terminus-2-protein-assembly-r1
prune (19 GB free)
start p1-terminus-2-cancel-async-tasks-r3
done  p1-terminus-2-chess-best-move-r3
start p1-pi-portfolio-optimization-r3
done  p1-terminus-2-cancel-async-tasks-r3
start p1-mini-swe-agent-gcode-to-text-r2
done  p1-pi-custom-memory-heap-crash-r3
start p1-terminus-2-regex-chess-r1
done  p1-mini-swe-agent-gcode-to-text-r2
start p1-terminus-2-multi-source-data-merger-r2
done  p1-terminus-2-multi-source-data-merger-r2
start p1-pi-mcmc-sampling-stan-r1
done  p1-pi-portfolio-optimization-r3
start p1-pi-qemu-startup-r2
fail  p1-pi-qemu-startup-r2 (no reward, will retry on next pass)
prune (17 GB free)
start p1-mini-swe-agent-protein-assembly-r1
done  p1-mini-swe-agent-protein-assembly-r1
start p1-pi-headless-terminal-r3
done  p1-pi-headless-terminal-r3
start p1-terminus-2-custom-memory-heap-crash-r2
done  p1-terminus-2-custom-memory-heap-crash-r2
start p1-terminus-2-headless-terminal-r1
done  p1-terminus-2-headless-terminal-r1
start p1-terminus-2-count-dataset-tokens-r2
done  p1-terminus-2-count-dataset-tokens-r2
start p1-mini-swe-agent-openssl-selfsigned-cert-r3
done  p1-pi-mcmc-sampling-stan-r1
prune (19 GB free)
start p1-terminus-2-filter-js-from-html-r2
done  p1-mini-swe-agent-openssl-selfsigned-cert-r3
start p1-mini-swe-agent-build-cython-ext-r2
done  p1-mini-swe-agent-build-cython-ext-r2
start p1-terminus-2-mailman-r1
fail  p1-terminus-2-mailman-r1 (no reward, will retry on next pass)
start p1-mini-swe-agent-git-leak-recovery-r2
done  p1-mini-swe-agent-git-leak-recovery-r2
start p1-terminus-2-modernize-scientific-stack-r2
done  p1-terminus-2-modernize-scientific-stack-r2
start p1-pi-chess-best-move-r3
done  p1-terminus-2-regex-chess-r1
start p1-pi-build-pov-ray-r3
done  p1-terminus-2-filter-js-from-html-r2
start p1-mini-swe-agent-feal-linear-cryptanalysis-r3
done  p1-pi-chess-best-move-r3
start p1-terminus-2-make-mips-interpreter-r1
done  p1-pi-build-pov-ray-r3
prune (15 GB free)
start p1-pi-path-tracing-r3
done  p1-mini-swe-agent-feal-linear-cryptanalysis-r3
start p1-terminus-2-fix-git-r1
done  p1-terminus-2-fix-git-r1
start p1-pi-kv-store-grpc-r2
done  p1-pi-path-tracing-r3
start p1-pi-distribution-search-r2
done  p1-pi-kv-store-grpc-r2
start p1-terminus-2-kv-store-grpc-r2
done  p1-pi-distribution-search-r2
start p1-mini-swe-agent-constraints-scheduling-r3
done  p1-terminus-2-kv-store-grpc-r2
start p1-mini-swe-agent-protein-assembly-r2
done  p1-terminus-2-make-mips-interpreter-r1
prune (19 GB free)
start p1-terminus-2-cobol-modernization-r2
done  p1-mini-swe-agent-constraints-scheduling-r3
start p1-pi-distribution-search-r1
done  p1-terminus-2-cobol-modernization-r2
start p1-pi-mailman-r3
done  p1-mini-swe-agent-protein-assembly-r2
start p1-pi-schemelike-metacircular-eval-r3
done  p1-pi-distribution-search-r1
start p1-pi-regex-log-r2
done  p1-pi-regex-log-r2
start p1-mini-swe-agent-cobol-modernization-r2
done  p1-mini-swe-agent-cobol-modernization-r2
start p1-terminus-2-polyglot-rust-c-r2
done  p1-pi-schemelike-metacircular-eval-r3
start p1-terminus-2-schemelike-metacircular-eval-r1
done  p1-pi-mailman-r3
start p1-pi-portfolio-optimization-r1
done  p1-terminus-2-polyglot-rust-c-r2
start p1-terminus-2-schemelike-metacircular-eval-r3
done  p1-pi-portfolio-optimization-r1
start p1-terminus-2-count-dataset-tokens-r1
done  p1-terminus-2-schemelike-metacircular-eval-r1
start p1-pi-regex-log-r3
done  p1-pi-regex-log-r3
start p1-mini-swe-agent-torch-pipeline-parallelism-r3
done  p1-terminus-2-count-dataset-tokens-r1
prune (19 GB free)
start p1-mini-swe-agent-mailman-r1
done  p1-mini-swe-agent-torch-pipeline-parallelism-r3
prune (16 GB free)
start p1-terminus-2-kv-store-grpc-r3
done  p1-terminus-2-schemelike-metacircular-eval-r3
start p1-pi-constraints-scheduling-r1
done  p1-terminus-2-kv-store-grpc-r3
start p1-terminus-2-model-extraction-relu-logits-r1
done  p1-pi-constraints-scheduling-r1
start p1-pi-prove-plus-comm-r3
done  p1-terminus-2-model-extraction-relu-logits-r1
start p1-terminus-2-build-pov-ray-r1
done  p1-pi-prove-plus-comm-r3
start p1-pi-modernize-scientific-stack-r2
done  p1-pi-modernize-scientific-stack-r2
prune (18 GB free)
start p1-mini-swe-agent-winning-avg-corewars-r3
done  p1-mini-swe-agent-winning-avg-corewars-r3
start p1-pi-overfull-hbox-r3
done  p1-pi-overfull-hbox-r3
prune (19 GB free)
start p1-mini-swe-agent-fix-ocaml-gc-r1
done  p1-mini-swe-agent-mailman-r1
prune (17 GB free)
start p1-mini-swe-agent-financial-document-processor-r1
done  p1-mini-swe-agent-fix-ocaml-gc-r1
start p1-pi-protein-assembly-r3
done  p1-mini-swe-agent-financial-document-processor-r1
prune (19 GB free)
start p1-mini-swe-agent-openssl-selfsigned-cert-r2
done  p1-pi-protein-assembly-r3
start p1-pi-gcode-to-text-r1
done  p1-mini-swe-agent-openssl-selfsigned-cert-r2
start p1-mini-swe-agent-headless-terminal-r2
done  p1-mini-swe-agent-headless-terminal-r2
start p1-terminus-2-mcmc-sampling-stan-r2
done  p1-pi-gcode-to-text-r1
start p1-mini-swe-agent-mcmc-sampling-stan-r2
done  p1-terminus-2-build-pov-ray-r1
start p1-terminus-2-protein-assembly-r2
done  p1-mini-swe-agent-mcmc-sampling-stan-r2
start p1-mini-swe-agent-polyglot-rust-c-r2
done  p1-terminus-2-protein-assembly-r2
start p1-terminus-2-distribution-search-r1
done  p1-mini-swe-agent-polyglot-rust-c-r2
start p1-pi-build-pov-ray-r1
done  p1-terminus-2-distribution-search-r1
start p1-mini-swe-agent-build-pov-ray-r1
done  p1-pi-build-pov-ray-r1
start p1-mini-swe-agent-chess-best-move-r3
done  p1-mini-swe-agent-build-pov-ray-r1
start p1-pi-torch-pipeline-parallelism-r2
done  p1-mini-swe-agent-chess-best-move-r3
start p1-mini-swe-agent-portfolio-optimization-r2
done  p1-pi-torch-pipeline-parallelism-r2
prune (14 GB free)
start p1-mini-swe-agent-code-from-image-r2
done  p1-mini-swe-agent-portfolio-optimization-r2
start p1-pi-query-optimize-r3
done  p1-mini-swe-agent-code-from-image-r2
start p1-mini-swe-agent-regex-chess-r3
done  p1-mini-swe-agent-regex-chess-r3
start p1-mini-swe-agent-modernize-scientific-stack-r2
done  p1-mini-swe-agent-modernize-scientific-stack-r2
start p1-pi-path-tracing-r1
done  p1-terminus-2-mcmc-sampling-stan-r2
start p1-pi-cancel-async-tasks-r2
done  p1-pi-cancel-async-tasks-r2
start p1-mini-swe-agent-polyglot-c-py-r1
done  p1-pi-path-tracing-r1
start p1-mini-swe-agent-large-scale-text-editing-r3
done  p1-pi-query-optimize-r3
prune (18 GB free)
start p1-pi-mcmc-sampling-stan-r3
done  p1-mini-swe-agent-polyglot-c-py-r1
start p1-mini-swe-agent-custom-memory-heap-crash-r2
done  p1-mini-swe-agent-large-scale-text-editing-r3
start p1-terminus-2-constraints-scheduling-r1
done  p1-terminus-2-constraints-scheduling-r1
prune (17 GB free)
start p1-mini-swe-agent-openssl-selfsigned-cert-r1
done  p1-mini-swe-agent-openssl-selfsigned-cert-r1
prune (18 GB free)
start p1-pi-polyglot-rust-c-r1
done  p1-mini-swe-agent-custom-memory-heap-crash-r2
prune (17 GB free)
start p1-mini-swe-agent-db-wal-recovery-r1
done  p1-mini-swe-agent-db-wal-recovery-r1
start p1-terminus-2-filter-js-from-html-r1
done  p1-pi-polyglot-rust-c-r1
start p1-mini-swe-agent-schemelike-metacircular-eval-r1
done  p1-terminus-2-filter-js-from-html-r1
prune (19 GB free)
start p1-terminus-2-cobol-modernization-r1
done  p1-mini-swe-agent-schemelike-metacircular-eval-r1
start p1-terminus-2-polyglot-c-py-r3
done  p1-terminus-2-cobol-modernization-r1
start p1-mini-swe-agent-fix-git-r2
done  p1-terminus-2-polyglot-c-py-r3
start p1-pi-query-optimize-r2
done  p1-pi-mcmc-sampling-stan-r3
start p1-pi-build-cython-ext-r1
done  p1-mini-swe-agent-fix-git-r2
prune (19 GB free)
start p1-mini-swe-agent-multi-source-data-merger-r2
done  p1-mini-swe-agent-multi-source-data-merger-r2
prune (19 GB free)
start p1-terminus-2-build-pov-ray-r2
done  p1-pi-build-cython-ext-r1
start p1-pi-distribution-search-r3
done  p1-pi-distribution-search-r3
start p1-terminus-2-torch-pipeline-parallelism-r2
done  p1-terminus-2-build-pov-ray-r2
prune (15 GB free)
start p1-terminus-2-prove-plus-comm-r1
done  p1-pi-query-optimize-r2
prune (17 GB free)
start p1-mini-swe-agent-mcmc-sampling-stan-r1
done  p1-terminus-2-torch-pipeline-parallelism-r2
prune (17 GB free)
start p1-terminus-2-torch-pipeline-parallelism-r1
fail  p1-mini-swe-agent-mcmc-sampling-stan-r1 (no reward, will retry on next pass)
start p1-pi-prove-plus-comm-r2
done  p1-terminus-2-prove-plus-comm-r1
start p1-pi-feal-linear-cryptanalysis-r2
done  p1-pi-prove-plus-comm-r2
start p1-terminus-2-portfolio-optimization-r2
done  p1-pi-feal-linear-cryptanalysis-r2
start p1-mini-swe-agent-path-tracing-r3
done  p1-terminus-2-torch-pipeline-parallelism-r1
prune (14 GB free)
start p1-mini-swe-agent-filter-js-from-html-r3
done  p1-terminus-2-portfolio-optimization-r2
prune (19 GB free)
start p1-terminus-2-fix-ocaml-gc-r1
done  p1-mini-swe-agent-filter-js-from-html-r3
prune (17 GB free)
start p1-terminus-2-model-extraction-relu-logits-r3
done  p1-terminus-2-model-extraction-relu-logits-r3
start p1-pi-polyglot-c-py-r1
done  p1-pi-polyglot-c-py-r1
start p1-mini-swe-agent-make-mips-interpreter-r3
done  p1-mini-swe-agent-path-tracing-r3
prune (17 GB free)
start p1-mini-swe-agent-query-optimize-r2
done  p1-mini-swe-agent-make-mips-interpreter-r3
prune (18 GB free)
start p1-mini-swe-agent-overfull-hbox-r3
done  p1-mini-swe-agent-overfull-hbox-r3
prune (19 GB free)
start p1-pi-cancel-async-tasks-r1
done  p1-pi-cancel-async-tasks-r1
start p1-mini-swe-agent-winning-avg-corewars-r2
done  p1-mini-swe-agent-query-optimize-r2
prune (19 GB free)
start p1-mini-swe-agent-qemu-startup-r2
fail  p1-mini-swe-agent-qemu-startup-r2 (no reward, will retry on next pass)
prune (18 GB free)
start p1-terminus-2-headless-terminal-r3
done  p1-mini-swe-agent-winning-avg-corewars-r2
start p1-pi-multi-source-data-merger-r3
done  p1-terminus-2-headless-terminal-r3
prune (19 GB free)
start p1-mini-swe-agent-git-leak-recovery-r3
done  p1-pi-multi-source-data-merger-r3
prune (19 GB free)
start p1-pi-large-scale-text-editing-r2
done  p1-mini-swe-agent-git-leak-recovery-r3
start p1-pi-code-from-image-r2
done  p1-pi-code-from-image-r2
start p1-terminus-2-custom-memory-heap-crash-r3
done  p1-pi-large-scale-text-editing-r2
prune (15 GB free)
start p1-pi-portfolio-optimization-r2
done  p1-terminus-2-custom-memory-heap-crash-r3
prune (16 GB free)
start p1-pi-fix-ocaml-gc-r3
done  p1-pi-portfolio-optimization-r2
start p1-terminus-2-crack-7z-hash-r3
done  p1-terminus-2-crack-7z-hash-r3
prune (19 GB free)
start p1-terminus-2-build-cython-ext-r3
done  p1-terminus-2-fix-ocaml-gc-r1
start p1-mini-swe-agent-make-mips-interpreter-r2
done  p1-mini-swe-agent-make-mips-interpreter-r2
prune (18 GB free)
start p1-terminus-2-git-leak-recovery-r1
done  p1-terminus-2-git-leak-recovery-r1
start p1-terminus-2-mailman-r2
done  p1-terminus-2-build-cython-ext-r3
start p1-terminus-2-git-multibranch-r3
done  p1-terminus-2-git-multibranch-r3
prune (19 GB free)
start p1-terminus-2-regex-chess-r2
done  p1-terminus-2-mailman-r2
start p1-mini-swe-agent-regex-log-r2
done  p1-mini-swe-agent-regex-log-r2
start p1-pi-kv-store-grpc-r1
done  p1-pi-kv-store-grpc-r1
start p1-mini-swe-agent-regex-chess-r2
done  p1-mini-swe-agent-regex-chess-r2
start p1-pi-model-extraction-relu-logits-r2
done  p1-pi-model-extraction-relu-logits-r2
start p1-pi-polyglot-rust-c-r3
done  p1-pi-fix-ocaml-gc-r3
start p1-mini-swe-agent-feal-linear-cryptanalysis-r1
done  p1-terminus-2-regex-chess-r2
start p1-mini-swe-agent-qemu-startup-r1
fail  p1-mini-swe-agent-qemu-startup-r1 (no reward, will retry on next pass)
prune (17 GB free)
start p1-mini-swe-agent-fix-git-r3
done  p1-pi-polyglot-rust-c-r3
prune (19 GB free)
start p1-mini-swe-agent-kv-store-grpc-r2
done  p1-mini-swe-agent-fix-git-r3
start p1-pi-build-cython-ext-r3
done  p1-mini-swe-agent-kv-store-grpc-r2
start p1-terminus-2-modernize-scientific-stack-r1
done  p1-terminus-2-modernize-scientific-stack-r1
prune (19 GB free)
start p1-mini-swe-agent-schemelike-metacircular-eval-r3
done  p1-mini-swe-agent-feal-linear-cryptanalysis-r1
start p1-mini-swe-agent-build-cython-ext-r3
done  p1-pi-build-cython-ext-r3
start p1-pi-crack-7z-hash-r3
done  p1-mini-swe-agent-schemelike-metacircular-eval-r3
prune (18 GB free)
start p1-mini-swe-agent-mailman-r2
done  p1-mini-swe-agent-build-cython-ext-r3
start p1-terminus-2-financial-document-processor-r3
done  p1-pi-crack-7z-hash-r3
prune (18 GB free)
start p1-pi-regex-log-r1
done  p1-terminus-2-financial-document-processor-r3
start p1-pi-fix-ocaml-gc-r2
done  p1-pi-regex-log-r1
prune (18 GB free)
start p1-pi-winning-avg-corewars-r2
done  p1-pi-winning-avg-corewars-r2
prune (17 GB free)
start p1-pi-multi-source-data-merger-r1
done  p1-pi-multi-source-data-merger-r1
prune (17 GB free)
start p1-terminus-2-schemelike-metacircular-eval-r2
done  p1-terminus-2-schemelike-metacircular-eval-r2
prune (18 GB free)
start p1-terminus-2-fix-git-r3
done  p1-terminus-2-fix-git-r3
prune (18 GB free)
start p1-mini-swe-agent-filter-js-from-html-r1
done  p1-mini-swe-agent-mailman-r2
prune (17 GB free)
start p1-pi-qemu-startup-r1
fail  p1-pi-qemu-startup-r1 (no reward, will retry on next pass)
prune (15 GB free)
start p1-pi-schemelike-metacircular-eval-r2
done  p1-pi-schemelike-metacircular-eval-r2
prune (17 GB free)
start p1-terminus-2-gcode-to-text-r3
done  p1-mini-swe-agent-filter-js-from-html-r1
prune (19 GB free)
start p1-pi-openssl-selfsigned-cert-r2
fail  p1-terminus-2-gcode-to-text-r3 (no reward, will retry on next pass)
start p1-mini-swe-agent-build-cython-ext-r1
done  p1-pi-openssl-selfsigned-cert-r2
prune (18 GB free)
start p1-terminus-2-polyglot-rust-c-r3
done  p1-mini-swe-agent-build-cython-ext-r1
prune (17 GB free)
start p1-mini-swe-agent-regex-log-r3
done  p1-mini-swe-agent-regex-log-r3
prune (18 GB free)
start p1-mini-swe-agent-query-optimize-r1
fail  p1-terminus-2-polyglot-rust-c-r3 (no reward, will retry on next pass)
prune (17 GB free)
start p1-terminus-2-feal-linear-cryptanalysis-r2
done  p1-pi-fix-ocaml-gc-r2
prune (17 GB free)
start p1-terminus-2-overfull-hbox-r1
done  p1-terminus-2-feal-linear-cryptanalysis-r2
start p1-mini-swe-agent-prove-plus-comm-r1
done  p1-mini-swe-agent-query-optimize-r1
prune (18 GB free)
start p1-pi-overfull-hbox-r2
done  p1-terminus-2-overfull-hbox-r1
prune (18 GB free)
start p1-mini-swe-agent-crack-7z-hash-r1
done  p1-mini-swe-agent-prove-plus-comm-r1
prune (19 GB free)
start p1-mini-swe-agent-torch-pipeline-parallelism-r1
fail  p1-mini-swe-agent-crack-7z-hash-r1 (no reward, will retry on next pass)
start p1-mini-swe-agent-protein-assembly-r3
done  p1-pi-overfull-hbox-r2
start p1-terminus-2-multi-source-data-merger-r3
done  p1-terminus-2-multi-source-data-merger-r3
prune (19 GB free)
start p1-pi-modernize-scientific-stack-r1
done  p1-pi-modernize-scientific-stack-r1
prune (17 GB free)
start p1-mini-swe-agent-make-mips-interpreter-r1
done  p1-mini-swe-agent-protein-assembly-r3
prune (11 GB free)
start p1-mini-swe-agent-chess-best-move-r1
done  p1-mini-swe-agent-torch-pipeline-parallelism-r1
prune (19 GB free)
start p1-mini-swe-agent-schemelike-metacircular-eval-r2
done  p1-mini-swe-agent-chess-best-move-r1
prune (16 GB free)
start p1-mini-swe-agent-build-pov-ray-r2
done  p1-mini-swe-agent-make-mips-interpreter-r1
prune (17 GB free)
start p1-mini-swe-agent-fix-ocaml-gc-r3
done  p1-mini-swe-agent-schemelike-metacircular-eval-r2
prune (17 GB free)
start p1-mini-swe-agent-distribution-search-r3
done  p1-mini-swe-agent-build-pov-ray-r2
prune (19 GB free)
start p1-mini-swe-agent-cobol-modernization-r3
done  p1-mini-swe-agent-distribution-search-r3
prune (16 GB free)
start p1-pi-polyglot-c-py-r2
done  p1-mini-swe-agent-cobol-modernization-r3
prune (18 GB free)
start p1-mini-swe-agent-regex-chess-r1
done  p1-mini-swe-agent-fix-ocaml-gc-r3
start p1-terminus-2-regex-log-r1
done  p1-terminus-2-regex-log-r1
prune (18 GB free)
start p1-pi-fix-ocaml-gc-r1
done  p1-pi-polyglot-c-py-r2
prune (18 GB free)
start p1-mini-swe-agent-code-from-image-r3
done  p1-mini-swe-agent-regex-chess-r1
prune (17 GB free)
start p1-pi-openssl-selfsigned-cert-r3
done  p1-mini-swe-agent-code-from-image-r3
prune (18 GB free)
start p1-terminus-2-adaptive-rejection-sampler-r1
done  p1-pi-openssl-selfsigned-cert-r3
prune (19 GB free)
start p1-mini-swe-agent-code-from-image-r1
done  p1-mini-swe-agent-code-from-image-r1
prune (18 GB free)
start p1-mini-swe-agent-git-multibranch-r2
done  p1-terminus-2-adaptive-rejection-sampler-r1
prune (17 GB free)
start p1-pi-git-leak-recovery-r1
done  p1-mini-swe-agent-git-multibranch-r2
prune (17 GB free)
start p1-terminus-2-openssl-selfsigned-cert-r1
done  p1-pi-git-leak-recovery-r1
start p1-mini-swe-agent-path-tracing-r2
done  p1-terminus-2-openssl-selfsigned-cert-r1
prune (18 GB free)
start p1-mini-swe-agent-count-dataset-tokens-r3
done  p1-mini-swe-agent-path-tracing-r2
prune (15 GB free)
start p1-pi-build-pov-ray-r2
done  p1-mini-swe-agent-count-dataset-tokens-r3
prune (17 GB free)
start p1-pi-large-scale-text-editing-r1
done  p1-pi-large-scale-text-editing-r1
prune (18 GB free)
start p1-pi-headless-terminal-r2
done  p1-pi-build-pov-ray-r2
prune (17 GB free)
start p1-pi-qemu-startup-r3
fail  p1-pi-qemu-startup-r3 (no reward, will retry on next pass)
prune (16 GB free)
start p1-terminus-2-git-leak-recovery-r3
done  p1-pi-headless-terminal-r2
prune (19 GB free)
start p1-pi-gcode-to-text-r2
fail  p1-terminus-2-git-leak-recovery-r3 (no reward, will retry on next pass)
start p1-mini-swe-agent-path-tracing-r1
done  p1-pi-gcode-to-text-r2
prune (16 GB free)
start p1-terminus-2-kv-store-grpc-r1
done  p1-terminus-2-kv-store-grpc-r1
prune (17 GB free)
start p1-pi-kv-store-grpc-r3
done  p1-mini-swe-agent-path-tracing-r1
prune (16 GB free)
start p1-mini-swe-agent-large-scale-text-editing-r2
done  p1-pi-kv-store-grpc-r3
prune (19 GB free)
start p1-terminus-2-model-extraction-relu-logits-r2
done  p1-terminus-2-model-extraction-relu-logits-r2
prune (17 GB free)
start p1-pi-count-dataset-tokens-r3
done  p1-pi-count-dataset-tokens-r3
prune (16 GB free)
start p1-pi-financial-document-processor-r2
done  p1-mini-swe-agent-large-scale-text-editing-r2
prune (17 GB free)
start p1-terminus-2-code-from-image-r3
done  p1-terminus-2-code-from-image-r3
prune (18 GB free)
start p1-mini-swe-agent-cancel-async-tasks-r2
done  p1-mini-swe-agent-cancel-async-tasks-r2
prune (17 GB free)
start p1-pi-financial-document-processor-r1
done  p1-pi-financial-document-processor-r2
prune (18 GB free)
start p1-pi-regex-chess-r3
done  p1-pi-regex-chess-r3
prune (18 GB free)
start p1-mini-swe-agent-count-dataset-tokens-r2
done  p1-pi-financial-document-processor-r1
prune (18 GB free)
start p1-mini-swe-agent-regex-log-r1
done  p1-mini-swe-agent-count-dataset-tokens-r2
prune (16 GB free)
start p1-mini-swe-agent-polyglot-rust-c-r3
done  p1-mini-swe-agent-regex-log-r1
prune (15 GB free)
start p1-pi-fix-git-r2
done  p1-pi-fix-ocaml-gc-r1
prune (16 GB free)
start p1-pi-large-scale-text-editing-r3
done  p1-pi-fix-git-r2
prune (18 GB free)
start p1-mini-swe-agent-git-multibranch-r3
done  p1-mini-swe-agent-polyglot-rust-c-r3
prune (18 GB free)
start p1-terminus-2-regex-chess-r3
done  p1-mini-swe-agent-git-multibranch-r3
prune (19 GB free)
start p1-mini-swe-agent-build-pov-ray-r3
done  p1-pi-large-scale-text-editing-r3
start p1-pi-mcmc-sampling-stan-r2
done  p1-mini-swe-agent-build-pov-ray-r3
prune (17 GB free)
start p1-pi-filter-js-from-html-r1
done  p1-pi-filter-js-from-html-r1
prune (18 GB free)
start p1-pi-schemelike-metacircular-eval-r1
done  p1-pi-mcmc-sampling-stan-r2
prune (18 GB free)
start p1-pi-polyglot-rust-c-r2
done  p1-terminus-2-regex-chess-r3
start p1-terminus-2-constraints-scheduling-r3
done  p1-terminus-2-constraints-scheduling-r3
prune (19 GB free)
start p1-pi-crack-7z-hash-r2
done  p1-pi-polyglot-rust-c-r2
prune (17 GB free)
start p1-terminus-2-chess-best-move-r1
done  p1-pi-schemelike-metacircular-eval-r1
prune (17 GB free)
start p1-terminus-2-build-cython-ext-r2
done  p1-terminus-2-chess-best-move-r1
prune (18 GB free)
start p1-terminus-2-gcode-to-text-r1
done  p1-pi-crack-7z-hash-r2
prune (19 GB free)
start p1-pi-protein-assembly-r2
done  p1-terminus-2-gcode-to-text-r1
start p1-pi-make-mips-interpreter-r2
done  p1-terminus-2-build-cython-ext-r2
prune (18 GB free)
start p1-pi-chess-best-move-r2
done  p1-pi-protein-assembly-r2
prune (18 GB free)
done  p1-pi-make-mips-interpreter-r2
prune (18 GB free)
start p1-mini-swe-agent-qemu-startup-r3
start p1-pi-git-multibranch-r3
fail  p1-mini-swe-agent-qemu-startup-r3 (no reward, will retry on next pass)
prune (16 GB free)
start p1-mini-swe-agent-modernize-scientific-stack-r3
done  p1-pi-chess-best-move-r2
prune (18 GB free)
start p1-pi-prove-plus-comm-r1
done  p1-pi-git-multibranch-r3
prune (17 GB free)
start p1-terminus-2-prove-plus-comm-r2
done  p1-mini-swe-agent-modernize-scientific-stack-r3
prune (16 GB free)
start p1-pi-path-tracing-r2
done  p1-pi-prove-plus-comm-r1
prune (17 GB free)
start p1-terminus-2-git-leak-recovery-r2
done  p1-terminus-2-prove-plus-comm-r2
prune (16 GB free)
start p1-pi-openssl-selfsigned-cert-r1
fail  p1-terminus-2-git-leak-recovery-r2 (no reward, will retry on next pass)
prune (18 GB free)
start p1-mini-swe-agent-adaptive-rejection-sampler-r1
done  p1-pi-openssl-selfsigned-cert-r1
prune (17 GB free)
start p1-pi-constraints-scheduling-r2
fail  p1-mini-swe-agent-adaptive-rejection-sampler-r1 (no reward, will retry on next pass)
prune (16 GB free)
start p1-pi-db-wal-recovery-r2
done  p1-pi-constraints-scheduling-r2
prune (17 GB free)
start p1-terminus-2-gcode-to-text-r2
done  p1-pi-path-tracing-r2
prune (17 GB free)
start p1-mini-swe-agent-adaptive-rejection-sampler-r2
done  p1-pi-db-wal-recovery-r2
prune (19 GB free)
start p1-mini-swe-agent-count-dataset-tokens-r1
done  p1-mini-swe-agent-adaptive-rejection-sampler-r2
prune (19 GB free)
start p1-pi-regex-chess-r1
done  p1-mini-swe-agent-count-dataset-tokens-r1
prune (19 GB free)
start p1-terminus-2-qemu-startup-r3
done  p1-terminus-2-qemu-startup-r3
prune (15 GB free)
start p1-terminus-2-mailman-r3
done  p1-pi-regex-chess-r1
prune (18 GB free)
start p1-mini-swe-agent-model-extraction-relu-logits-r3
done  p1-terminus-2-gcode-to-text-r2
prune (18 GB free)
start p1-mini-swe-agent-portfolio-optimization-r1
fail  p1-mini-swe-agent-model-extraction-relu-logits-r3 (no reward, will retry on next pass)
prune (18 GB free)
start p1-pi-financial-document-processor-r3
fail  p1-mini-swe-agent-portfolio-optimization-r1 (no reward, will retry on next pass)
prune (18 GB free)
start p1-pi-chess-best-move-r1
fail  p1-pi-financial-document-processor-r3 (no reward, will retry on next pass)
prune (18 GB free)
start p1-mini-swe-agent-gcode-to-text-r3
fail  p1-pi-chess-best-move-r1 (no reward, will retry on next pass)
prune (18 GB free)
start p1-pi-cobol-modernization-r2
fail  p1-mini-swe-agent-gcode-to-text-r3 (no reward, will retry on next pass)
prune (18 GB free)
start p1-terminus-2-chess-best-move-r2
fail  p1-pi-cobol-modernization-r2 (no reward, will retry on next pass)
prune (18 GB free)
start p1-pi-regex-chess-r2
done  p1-terminus-2-mailman-r3
prune (17 GB free)
start p1-mini-swe-agent-large-scale-text-editing-r1
done  p1-pi-regex-chess-r2
prune (17 GB free)
start p1-mini-swe-agent-portfolio-optimization-r3
done  p1-terminus-2-chess-best-move-r2
prune (17 GB free)
start p1-mini-swe-agent-kv-store-grpc-r1
fail  p1-mini-swe-agent-portfolio-optimization-r3 (no reward, will retry on next pass)
prune (18 GB free)
start p1-pi-cobol-modernization-r3
fail  p1-mini-swe-agent-kv-store-grpc-r1 (no reward, will retry on next pass)
prune (18 GB free)
start p1-pi-db-wal-recovery-r3
fail  p1-pi-cobol-modernization-r3 (no reward, will retry on next pass)
prune (18 GB free)
start p1-pi-mailman-r2
fail  p1-pi-db-wal-recovery-r3 (no reward, will retry on next pass)
prune (17 GB free)
start p1-terminus-2-polyglot-c-py-r2
fail  p1-pi-mailman-r2 (no reward, will retry on next pass)
prune (18 GB free)
start p1-mini-swe-agent-prove-plus-comm-r3
done  p1-terminus-2-polyglot-c-py-r2
prune (14 GB free)
start p1-terminus-2-git-multibranch-r2
done  p1-mini-swe-agent-prove-plus-comm-r3
prune (16 GB free)
start p1-mini-swe-agent-query-optimize-r3
fail  p1-terminus-2-git-multibranch-r2 (no reward, will retry on next pass)
prune (16 GB free)
start p1-pi-multi-source-data-merger-r2
fail  p1-mini-swe-agent-query-optimize-r3 (no reward, will retry on next pass)
prune (17 GB free)
start p1-terminus-2-feal-linear-cryptanalysis-r1
fail  p1-pi-multi-source-data-merger-r2 (no reward, will retry on next pass)
prune (17 GB free)
start p1-terminus-2-fix-ocaml-gc-r2
done  p1-mini-swe-agent-large-scale-text-editing-r1
prune (16 GB free)
start p1-mini-swe-agent-gcode-to-text-r1
done  p1-terminus-2-feal-linear-cryptanalysis-r1
prune (15 GB free)
start p1-mini-swe-agent-distribution-search-r1
done  p1-mini-swe-agent-distribution-search-r1
prune (13 GB free)
start p1-mini-swe-agent-prove-plus-comm-r2
done  p1-mini-swe-agent-gcode-to-text-r1
prune (14 GB free)
start p1-mini-swe-agent-torch-pipeline-parallelism-r2
done  p1-mini-swe-agent-prove-plus-comm-r2
prune (14 GB free)
start p1-terminus-2-build-cython-ext-r1
done  p1-mini-swe-agent-torch-pipeline-parallelism-r2
prune (15 GB free)
start p1-terminus-2-openssl-selfsigned-cert-r2
done  p1-terminus-2-openssl-selfsigned-cert-r2
start p1-pi-query-optimize-r1
done  p1-terminus-2-build-cython-ext-r1
prune (18 GB free)
start p1-mini-swe-agent-overfull-hbox-r2
done  p1-mini-swe-agent-overfull-hbox-r2
prune (18 GB free)
start p1-pi-overfull-hbox-r1
done  p1-pi-query-optimize-r1
start p1-pi-db-wal-recovery-r1
done  p1-pi-db-wal-recovery-r1
prune (19 GB free)
start p1-terminus-2-path-tracing-r1
done  p1-pi-overfull-hbox-r1
prune (18 GB free)
start p1-pi-fix-git-r1
done  p1-pi-fix-git-r1
prune (19 GB free)
start p1-terminus-2-headless-terminal-r2
done  p1-terminus-2-path-tracing-r1
prune (19 GB free)
start p1-mini-swe-agent-winning-avg-corewars-r1
fail  p1-terminus-2-headless-terminal-r2 (no reward, will retry on next pass)
start p1-mini-swe-agent-multi-source-data-merger-r1
done  p1-mini-swe-agent-multi-source-data-merger-r1
prune (16 GB free)
start p1-terminus-2-winning-avg-corewars-r1
done  p1-mini-swe-agent-winning-avg-corewars-r1
prune (18 GB free)
start p1-terminus-2-db-wal-recovery-r3
done  p1-terminus-2-db-wal-recovery-r3
prune (19 GB free)
start p1-terminus-2-adaptive-rejection-sampler-r2
done  p1-terminus-2-adaptive-rejection-sampler-r2
prune (18 GB free)
start p1-terminus-2-multi-source-data-merger-r1
done  p1-terminus-2-fix-ocaml-gc-r2
prune (18 GB free)
start p1-pi-protein-assembly-r1
done  p1-terminus-2-multi-source-data-merger-r1
start p1-pi-cobol-modernization-r1
done  p1-pi-cobol-modernization-r1
start p1-terminus-2-winning-avg-corewars-r2
done  p1-pi-protein-assembly-r1
start p1-mini-swe-agent-modernize-scientific-stack-r1
done  p1-terminus-2-winning-avg-corewars-r1
prune (18 GB free)
start p1-terminus-2-overfull-hbox-r2
done  p1-mini-swe-agent-modernize-scientific-stack-r1
prune (19 GB free)
start p1-mini-swe-agent-polyglot-c-py-r3
done  p1-terminus-2-overfull-hbox-r2
start p1-mini-swe-agent-filter-js-from-html-r2
done  p1-mini-swe-agent-polyglot-c-py-r3
prune (18 GB free)
start p1-pi-git-leak-recovery-r3
done  p1-pi-git-leak-recovery-r3
prune (19 GB free)
start p1-mini-swe-agent-cancel-async-tasks-r3
done  p1-mini-swe-agent-cancel-async-tasks-r3
prune (18 GB free)
start p1-mini-swe-agent-model-extraction-relu-logits-r2
done  p1-mini-swe-agent-model-extraction-relu-logits-r2
prune (19 GB free)
start p1-pi-code-from-image-r3
done  p1-mini-swe-agent-filter-js-from-html-r2
start p1-pi-code-from-image-r1
done  p1-pi-code-from-image-r3
start p1-mini-swe-agent-mcmc-sampling-stan-r3
done  p1-pi-code-from-image-r1
start p1-terminus-2-code-from-image-r1
done  p1-terminus-2-code-from-image-r1
prune (19 GB free)
start p1-terminus-2-query-optimize-r1
done  p1-terminus-2-query-optimize-r1
prune (17 GB free)
start p1-mini-swe-agent-crack-7z-hash-r3
done  p1-terminus-2-winning-avg-corewars-r2
prune (17 GB free)
start p1-mini-swe-agent-polyglot-c-py-r2
done  p1-mini-swe-agent-polyglot-c-py-r2
prune (16 GB free)
start p1-terminus-2-qemu-startup-r2
done  p1-terminus-2-qemu-startup-r2
prune (14 GB free)
start p1-terminus-2-portfolio-optimization-r1
done  p1-mini-swe-agent-mcmc-sampling-stan-r3
prune (19 GB free)
start p1-pi-torch-pipeline-parallelism-r3
done  p1-terminus-2-portfolio-optimization-r1
prune (14 GB free)
start p1-pi-headless-terminal-r1
done  p1-mini-swe-agent-crack-7z-hash-r3
prune (14 GB free)
start p1-terminus-2-large-scale-text-editing-r1
done  p1-pi-torch-pipeline-parallelism-r3
prune (19 GB free)
start p1-terminus-2-adaptive-rejection-sampler-r3
fail  p1-terminus-2-large-scale-text-editing-r1 (no reward, will retry on next pass)
start p1-terminus-2-crack-7z-hash-r1
done  p1-pi-headless-terminal-r1
start p1-mini-swe-agent-git-leak-recovery-r1
done  p1-mini-swe-agent-git-leak-recovery-r1
prune (19 GB free)
start p1-pi-custom-memory-heap-crash-r2
done  p1-terminus-2-adaptive-rejection-sampler-r3
prune (16 GB free)
start p1-terminus-2-large-scale-text-editing-r2
done  p1-pi-custom-memory-heap-crash-r2
prune (15 GB free)
start p1-pi-model-extraction-relu-logits-r1
done  p1-pi-model-extraction-relu-logits-r1
start p1-mini-swe-agent-db-wal-recovery-r2
done  p1-terminus-2-large-scale-text-editing-r2
start p1-terminus-2-portfolio-optimization-r3
done  p1-mini-swe-agent-db-wal-recovery-r2
prune (19 GB free)
start p1-mini-swe-agent-kv-store-grpc-r3
done  p1-mini-swe-agent-kv-store-grpc-r3
start p1-pi-constraints-scheduling-r3
done  p1-terminus-2-portfolio-optimization-r3
start p1-mini-swe-agent-custom-memory-heap-crash-r3
done  p1-pi-constraints-scheduling-r3
prune (18 GB free)
start p1-terminus-2-fix-ocaml-gc-r3
fail  p1-mini-swe-agent-custom-memory-heap-crash-r3 (no reward, will retry on next pass)
start p1-pi-adaptive-rejection-sampler-r1
done  p1-pi-adaptive-rejection-sampler-r1
prune (18 GB free)
start p1-mini-swe-agent-fix-ocaml-gc-r2
done  p1-terminus-2-crack-7z-hash-r1
prune (19 GB free)
start p1-terminus-2-overfull-hbox-r3
done  p1-mini-swe-agent-fix-ocaml-gc-r2
start p1-terminus-2-mcmc-sampling-stan-r1
done  p1-terminus-2-overfull-hbox-r3
start p1-terminus-2-db-wal-recovery-r2
done  p1-terminus-2-db-wal-recovery-r2
start p1-terminus-2-winning-avg-corewars-r3
done  p1-terminus-2-winning-avg-corewars-r3
=== paused Sun Oct  4 15:43:42 AEDT 2026 ===
=== resumed Sun Oct  4 23:18:25 AEDT 2026 ===
skip  p1-terminus-2-regex-log-r2 (done)
skip  p1-terminus-2-large-scale-text-editing-r3 (done)
skip  p1-mini-swe-agent-multi-source-data-merger-r3 (done)
skip  p1-mini-swe-agent-financial-document-processor-r3 (done)
skip  p1-mini-swe-agent-financial-document-processor-r2 (done)
skip  p1-terminus-2-polyglot-rust-c-r1 (done)
skip  p1-pi-feal-linear-cryptanalysis-r3 (done)
skip  p1-terminus-2-crack-7z-hash-r2 (done)
skip  p1-pi-filter-js-from-html-r3 (done)
skip  p1-terminus-2-cobol-modernization-r3 (done)
skip  p1-mini-swe-agent-model-extraction-relu-logits-r1 (done)
skip  p1-terminus-2-modernize-scientific-stack-r3 (done)
skip  p1-pi-fix-git-r3 (done)
skip  p1-pi-count-dataset-tokens-r1 (done)
skip  p1-terminus-2-polyglot-c-py-r1 (done)
skip  p1-pi-winning-avg-corewars-r3 (done)
skip  p1-mini-swe-agent-polyglot-rust-c-r1 (done)
skip  p1-pi-cancel-async-tasks-r3 (done)
skip  p1-pi-filter-js-from-html-r2 (done)
skip  p1-pi-modernize-scientific-stack-r3 (done)
skip  p1-pi-adaptive-rejection-sampler-r3 (done)
skip  p1-mini-swe-agent-git-multibranch-r1 (done)
skip  p1-mini-swe-agent-constraints-scheduling-r1 (done)
start p1-terminus-2-count-dataset-tokens-r3-retry1
skip  p1-terminus-2-custom-memory-heap-crash-r1 (done)
skip  p1-terminus-2-db-wal-recovery-r1 (done)
start p1-terminus-2-build-pov-ray-r3-retry1
skip  p1-terminus-2-protein-assembly-r1 (done)
skip  p1-terminus-2-prove-plus-comm-r3 (done)
skip  p1-mini-swe-agent-cancel-async-tasks-r1 (done)
skip  p1-terminus-2-chess-best-move-r3 (done)
skip  p1-pi-custom-memory-heap-crash-r3 (done)
skip  p1-terminus-2-cancel-async-tasks-r3 (done)
skip  p1-pi-portfolio-optimization-r3 (done)
skip  p1-mini-swe-agent-gcode-to-text-r2 (done)
skip  p1-terminus-2-regex-chess-r1 (done)
skip  p1-terminus-2-multi-source-data-merger-r2 (done)
skip  p1-pi-mcmc-sampling-stan-r1 (done)
start p1-pi-qemu-startup-r2-retry1
fail  p1-pi-qemu-startup-r2-retry1 (no reward, will retry on next pass)
prune (16 GB free)
skip  p1-mini-swe-agent-protein-assembly-r1 (done)
skip  p1-pi-headless-terminal-r3 (done)
skip  p1-terminus-2-custom-memory-heap-crash-r2 (done)
skip  p1-terminus-2-headless-terminal-r1 (done)
skip  p1-terminus-2-count-dataset-tokens-r2 (done)
skip  p1-mini-swe-agent-openssl-selfsigned-cert-r3 (done)
skip  p1-terminus-2-filter-js-from-html-r2 (done)
skip  p1-mini-swe-agent-build-cython-ext-r2 (done)
start p1-terminus-2-mailman-r1-retry1
done  p1-terminus-2-count-dataset-tokens-r3-retry1
skip  p1-mini-swe-agent-git-leak-recovery-r2 (done)
skip  p1-terminus-2-modernize-scientific-stack-r2 (done)
skip  p1-pi-chess-best-move-r3 (done)
skip  p1-pi-build-pov-ray-r3 (done)
skip  p1-mini-swe-agent-feal-linear-cryptanalysis-r3 (done)
skip  p1-terminus-2-make-mips-interpreter-r1 (done)
skip  p1-pi-path-tracing-r3 (done)
skip  p1-terminus-2-fix-git-r1 (done)
skip  p1-pi-kv-store-grpc-r2 (done)
skip  p1-pi-distribution-search-r2 (done)
skip  p1-terminus-2-kv-store-grpc-r2 (done)
skip  p1-mini-swe-agent-constraints-scheduling-r3 (done)
skip  p1-mini-swe-agent-protein-assembly-r2 (done)
skip  p1-terminus-2-cobol-modernization-r2 (done)
skip  p1-pi-distribution-search-r1 (done)
skip  p1-pi-mailman-r3 (done)
skip  p1-pi-schemelike-metacircular-eval-r3 (done)
done  p1-terminus-2-mailman-r1-retry1
skip  p1-pi-regex-log-r2 (done)
skip  p1-mini-swe-agent-cobol-modernization-r2 (done)
skip  p1-terminus-2-polyglot-rust-c-r2 (done)
skip  p1-terminus-2-schemelike-metacircular-eval-r1 (done)
skip  p1-pi-portfolio-optimization-r1 (done)
skip  p1-terminus-2-schemelike-metacircular-eval-r3 (done)
skip  p1-terminus-2-count-dataset-tokens-r1 (done)
skip  p1-pi-regex-log-r3 (done)
skip  p1-mini-swe-agent-torch-pipeline-parallelism-r3 (done)
skip  p1-mini-swe-agent-mailman-r1 (done)
skip  p1-terminus-2-kv-store-grpc-r3 (done)
skip  p1-pi-constraints-scheduling-r1 (done)
skip  p1-terminus-2-model-extraction-relu-logits-r1 (done)
skip  p1-pi-prove-plus-comm-r3 (done)
skip  p1-terminus-2-build-pov-ray-r1 (done)
skip  p1-pi-modernize-scientific-stack-r2 (done)
skip  p1-mini-swe-agent-winning-avg-corewars-r3 (done)
skip  p1-pi-overfull-hbox-r3 (done)
skip  p1-mini-swe-agent-fix-ocaml-gc-r1 (done)
skip  p1-mini-swe-agent-financial-document-processor-r1 (done)
skip  p1-pi-protein-assembly-r3 (done)
skip  p1-mini-swe-agent-openssl-selfsigned-cert-r2 (done)
skip  p1-pi-gcode-to-text-r1 (done)
skip  p1-mini-swe-agent-headless-terminal-r2 (done)
skip  p1-terminus-2-mcmc-sampling-stan-r2 (done)
skip  p1-mini-swe-agent-mcmc-sampling-stan-r2 (done)
skip  p1-terminus-2-protein-assembly-r2 (done)
skip  p1-mini-swe-agent-polyglot-rust-c-r2 (done)
skip  p1-terminus-2-distribution-search-r1 (done)
skip  p1-pi-build-pov-ray-r1 (done)
skip  p1-mini-swe-agent-build-pov-ray-r1 (done)
skip  p1-mini-swe-agent-chess-best-move-r3 (done)
skip  p1-pi-torch-pipeline-parallelism-r2 (done)
skip  p1-mini-swe-agent-portfolio-optimization-r2 (done)
skip  p1-mini-swe-agent-code-from-image-r2 (done)
skip  p1-pi-query-optimize-r3 (done)
skip  p1-mini-swe-agent-regex-chess-r3 (done)
skip  p1-mini-swe-agent-modernize-scientific-stack-r2 (done)
skip  p1-pi-path-tracing-r1 (done)
skip  p1-pi-cancel-async-tasks-r2 (done)
skip  p1-mini-swe-agent-polyglot-c-py-r1 (done)
skip  p1-mini-swe-agent-large-scale-text-editing-r3 (done)
skip  p1-pi-mcmc-sampling-stan-r3 (done)
skip  p1-terminus-2-constraints-scheduling-r1 (done)
skip  p1-mini-swe-agent-custom-memory-heap-crash-r2 (done)
skip  p1-mini-swe-agent-openssl-selfsigned-cert-r1 (done)
skip  p1-pi-polyglot-rust-c-r1 (done)
skip  p1-mini-swe-agent-db-wal-recovery-r1 (done)
skip  p1-terminus-2-filter-js-from-html-r1 (done)
skip  p1-mini-swe-agent-schemelike-metacircular-eval-r1 (done)
skip  p1-terminus-2-cobol-modernization-r1 (done)
skip  p1-terminus-2-polyglot-c-py-r3 (done)
skip  p1-mini-swe-agent-fix-git-r2 (done)
skip  p1-pi-query-optimize-r2 (done)
skip  p1-pi-build-cython-ext-r1 (done)
skip  p1-mini-swe-agent-multi-source-data-merger-r2 (done)
skip  p1-terminus-2-build-pov-ray-r2 (done)
skip  p1-pi-distribution-search-r3 (done)
skip  p1-terminus-2-torch-pipeline-parallelism-r2 (done)
skip  p1-terminus-2-prove-plus-comm-r1 (done)
skip  p1-terminus-2-torch-pipeline-parallelism-r1 (done)
start p1-mini-swe-agent-mcmc-sampling-stan-r1-retry1
skip  p1-pi-prove-plus-comm-r2 (done)
skip  p1-pi-feal-linear-cryptanalysis-r2 (done)
skip  p1-terminus-2-portfolio-optimization-r2 (done)
skip  p1-mini-swe-agent-path-tracing-r3 (done)
skip  p1-mini-swe-agent-filter-js-from-html-r3 (done)
skip  p1-terminus-2-fix-ocaml-gc-r1 (done)
skip  p1-terminus-2-model-extraction-relu-logits-r3 (done)
skip  p1-pi-polyglot-c-py-r1 (done)
skip  p1-mini-swe-agent-make-mips-interpreter-r3 (done)
skip  p1-mini-swe-agent-query-optimize-r2 (done)
skip  p1-mini-swe-agent-overfull-hbox-r3 (done)
skip  p1-pi-cancel-async-tasks-r1 (done)
skip  p1-mini-swe-agent-winning-avg-corewars-r2 (done)
start p1-mini-swe-agent-qemu-startup-r2-retry1
fail  p1-mini-swe-agent-qemu-startup-r2-retry1 (no reward, will retry on next pass)
prune (19 GB free)
skip  p1-terminus-2-headless-terminal-r3 (done)
skip  p1-pi-multi-source-data-merger-r3 (done)
skip  p1-mini-swe-agent-git-leak-recovery-r3 (done)
skip  p1-pi-large-scale-text-editing-r2 (done)
skip  p1-pi-code-from-image-r2 (done)
skip  p1-terminus-2-custom-memory-heap-crash-r3 (done)
skip  p1-pi-portfolio-optimization-r2 (done)
skip  p1-pi-fix-ocaml-gc-r3 (done)
skip  p1-terminus-2-crack-7z-hash-r3 (done)
skip  p1-terminus-2-build-cython-ext-r3 (done)
skip  p1-mini-swe-agent-make-mips-interpreter-r2 (done)
skip  p1-terminus-2-git-leak-recovery-r1 (done)
skip  p1-terminus-2-mailman-r2 (done)
skip  p1-terminus-2-git-multibranch-r3 (done)
skip  p1-terminus-2-regex-chess-r2 (done)
skip  p1-mini-swe-agent-regex-log-r2 (done)
skip  p1-pi-kv-store-grpc-r1 (done)
skip  p1-mini-swe-agent-regex-chess-r2 (done)
skip  p1-pi-model-extraction-relu-logits-r2 (done)
skip  p1-pi-polyglot-rust-c-r3 (done)
skip  p1-mini-swe-agent-feal-linear-cryptanalysis-r1 (done)
start p1-mini-swe-agent-qemu-startup-r1-retry1
fail  p1-mini-swe-agent-qemu-startup-r1-retry1 (no reward, will retry on next pass)
prune (19 GB free)
skip  p1-mini-swe-agent-fix-git-r3 (done)
skip  p1-mini-swe-agent-kv-store-grpc-r2 (done)
skip  p1-pi-build-cython-ext-r3 (done)
skip  p1-terminus-2-modernize-scientific-stack-r1 (done)
skip  p1-mini-swe-agent-schemelike-metacircular-eval-r3 (done)
skip  p1-mini-swe-agent-build-cython-ext-r3 (done)
skip  p1-pi-crack-7z-hash-r3 (done)
skip  p1-mini-swe-agent-mailman-r2 (done)
skip  p1-terminus-2-financial-document-processor-r3 (done)
skip  p1-pi-regex-log-r1 (done)
skip  p1-pi-fix-ocaml-gc-r2 (done)
skip  p1-pi-winning-avg-corewars-r2 (done)
skip  p1-pi-multi-source-data-merger-r1 (done)
skip  p1-terminus-2-schemelike-metacircular-eval-r2 (done)
skip  p1-terminus-2-fix-git-r3 (done)
skip  p1-mini-swe-agent-filter-js-from-html-r1 (done)
start p1-pi-qemu-startup-r1-retry1
fail  p1-pi-qemu-startup-r1-retry1 (no reward, will retry on next pass)
prune (19 GB free)
skip  p1-pi-schemelike-metacircular-eval-r2 (done)
start p1-terminus-2-gcode-to-text-r3-retry1
done  p1-terminus-2-gcode-to-text-r3-retry1
skip  p1-pi-openssl-selfsigned-cert-r2 (done)
skip  p1-mini-swe-agent-build-cython-ext-r1 (done)
start p1-terminus-2-polyglot-rust-c-r3-retry1
done  p1-terminus-2-polyglot-rust-c-r3-retry1
skip  p1-mini-swe-agent-regex-log-r3 (done)
skip  p1-mini-swe-agent-query-optimize-r1 (done)
skip  p1-terminus-2-feal-linear-cryptanalysis-r2 (done)
skip  p1-terminus-2-overfull-hbox-r1 (done)
skip  p1-mini-swe-agent-prove-plus-comm-r1 (done)
skip  p1-pi-overfull-hbox-r2 (done)
start p1-mini-swe-agent-crack-7z-hash-r1-retry1
done  p1-terminus-2-build-pov-ray-r3-retry1
prune (18 GB free)
skip  p1-mini-swe-agent-torch-pipeline-parallelism-r1 (done)
skip  p1-mini-swe-agent-protein-assembly-r3 (done)
skip  p1-terminus-2-multi-source-data-merger-r3 (done)
skip  p1-pi-modernize-scientific-stack-r1 (done)
skip  p1-mini-swe-agent-make-mips-interpreter-r1 (done)
skip  p1-mini-swe-agent-chess-best-move-r1 (done)
skip  p1-mini-swe-agent-schemelike-metacircular-eval-r2 (done)
skip  p1-mini-swe-agent-build-pov-ray-r2 (done)
skip  p1-mini-swe-agent-fix-ocaml-gc-r3 (done)
skip  p1-mini-swe-agent-distribution-search-r3 (done)
skip  p1-mini-swe-agent-cobol-modernization-r3 (done)
skip  p1-pi-polyglot-c-py-r2 (done)
skip  p1-mini-swe-agent-regex-chess-r1 (done)
skip  p1-terminus-2-regex-log-r1 (done)
skip  p1-pi-fix-ocaml-gc-r1 (done)
skip  p1-mini-swe-agent-code-from-image-r3 (done)
skip  p1-pi-openssl-selfsigned-cert-r3 (done)
skip  p1-terminus-2-adaptive-rejection-sampler-r1 (done)
skip  p1-mini-swe-agent-code-from-image-r1 (done)
skip  p1-mini-swe-agent-git-multibranch-r2 (done)
skip  p1-pi-git-leak-recovery-r1 (done)
skip  p1-terminus-2-openssl-selfsigned-cert-r1 (done)
skip  p1-mini-swe-agent-path-tracing-r2 (done)
skip  p1-mini-swe-agent-count-dataset-tokens-r3 (done)
skip  p1-pi-build-pov-ray-r2 (done)
skip  p1-pi-large-scale-text-editing-r1 (done)
skip  p1-pi-headless-terminal-r2 (done)
start p1-pi-qemu-startup-r3-retry1
fail  p1-pi-qemu-startup-r3-retry1 (no reward, will retry on next pass)
prune (17 GB free)
start p1-terminus-2-git-leak-recovery-r3-retry1
done  p1-terminus-2-git-leak-recovery-r3-retry1
skip  p1-pi-gcode-to-text-r2 (done)
skip  p1-mini-swe-agent-path-tracing-r1 (done)
skip  p1-terminus-2-kv-store-grpc-r1 (done)
skip  p1-pi-kv-store-grpc-r3 (done)
skip  p1-mini-swe-agent-large-scale-text-editing-r2 (done)
skip  p1-terminus-2-model-extraction-relu-logits-r2 (done)
skip  p1-pi-count-dataset-tokens-r3 (done)
skip  p1-pi-financial-document-processor-r2 (done)
skip  p1-terminus-2-code-from-image-r3 (done)
skip  p1-mini-swe-agent-cancel-async-tasks-r2 (done)
skip  p1-pi-financial-document-processor-r1 (done)
skip  p1-pi-regex-chess-r3 (done)
skip  p1-mini-swe-agent-count-dataset-tokens-r2 (done)
skip  p1-mini-swe-agent-regex-log-r1 (done)
skip  p1-mini-swe-agent-polyglot-rust-c-r3 (done)
skip  p1-pi-fix-git-r2 (done)
skip  p1-pi-large-scale-text-editing-r3 (done)
skip  p1-mini-swe-agent-git-multibranch-r3 (done)
skip  p1-terminus-2-regex-chess-r3 (done)
skip  p1-mini-swe-agent-build-pov-ray-r3 (done)
skip  p1-pi-mcmc-sampling-stan-r2 (done)
skip  p1-pi-filter-js-from-html-r1 (done)
skip  p1-pi-schemelike-metacircular-eval-r1 (done)
skip  p1-pi-polyglot-rust-c-r2 (done)
skip  p1-terminus-2-constraints-scheduling-r3 (done)
skip  p1-pi-crack-7z-hash-r2 (done)
skip  p1-terminus-2-chess-best-move-r1 (done)
skip  p1-terminus-2-build-cython-ext-r2 (done)
skip  p1-terminus-2-gcode-to-text-r1 (done)
skip  p1-pi-protein-assembly-r2 (done)
skip  p1-pi-make-mips-interpreter-r2 (done)
skip  p1-pi-chess-best-move-r2 (done)
skip  p1-pi-git-multibranch-r3 (done)
start p1-mini-swe-agent-qemu-startup-r3-retry1
fail  p1-mini-swe-agent-qemu-startup-r3-retry1 (no reward, will retry on next pass)
prune (17 GB free)
skip  p1-mini-swe-agent-modernize-scientific-stack-r3 (done)
prune (19 GB free)
skip  p1-pi-prove-plus-comm-r1 (done)
skip  p1-terminus-2-prove-plus-comm-r2 (done)
skip  p1-pi-path-tracing-r2 (done)
start p1-terminus-2-git-leak-recovery-r2-retry1
done  p1-mini-swe-agent-mcmc-sampling-stan-r1-retry1
skip  p1-pi-openssl-selfsigned-cert-r1 (done)
start p1-mini-swe-agent-adaptive-rejection-sampler-r1-retry1
done  p1-terminus-2-git-leak-recovery-r2-retry1
skip  p1-pi-constraints-scheduling-r2 (done)
skip  p1-pi-db-wal-recovery-r2 (done)
skip  p1-terminus-2-gcode-to-text-r2 (done)
skip  p1-mini-swe-agent-adaptive-rejection-sampler-r2 (done)
skip  p1-mini-swe-agent-count-dataset-tokens-r1 (done)
skip  p1-pi-regex-chess-r1 (done)
skip  p1-terminus-2-qemu-startup-r3 (done)
skip  p1-terminus-2-mailman-r3 (done)
start p1-mini-swe-agent-model-extraction-relu-logits-r3-retry1
done  p1-mini-swe-agent-model-extraction-relu-logits-r3-retry1
prune (18 GB free)
start p1-mini-swe-agent-portfolio-optimization-r1-retry1
done  p1-mini-swe-agent-adaptive-rejection-sampler-r1-retry1
prune (19 GB free)
start p1-pi-financial-document-processor-r3-retry1
done  p1-mini-swe-agent-portfolio-optimization-r1-retry1
start p1-pi-chess-best-move-r1-retry1
done  p1-mini-swe-agent-crack-7z-hash-r1-retry1
start p1-mini-swe-agent-gcode-to-text-r3-retry1
done  p1-pi-chess-best-move-r1-retry1
start p1-pi-cobol-modernization-r2-retry1
done  p1-pi-financial-document-processor-r3-retry1
skip  p1-terminus-2-chess-best-move-r2 (done)
skip  p1-pi-regex-chess-r2 (done)
skip  p1-mini-swe-agent-large-scale-text-editing-r1 (done)
start p1-mini-swe-agent-portfolio-optimization-r3-retry1
done  p1-pi-cobol-modernization-r2-retry1
prune (18 GB free)
start p1-mini-swe-agent-kv-store-grpc-r1-retry1
done  p1-mini-swe-agent-gcode-to-text-r3-retry1
start p1-pi-cobol-modernization-r3-retry1
done  p1-mini-swe-agent-kv-store-grpc-r1-retry1
start p1-pi-db-wal-recovery-r3-retry1
done  p1-mini-swe-agent-portfolio-optimization-r3-retry1
start p1-pi-mailman-r2-retry1
done  p1-pi-cobol-modernization-r3-retry1
skip  p1-terminus-2-polyglot-c-py-r2 (done)
skip  p1-mini-swe-agent-prove-plus-comm-r3 (done)
start p1-terminus-2-git-multibranch-r2-retry1
done  p1-pi-db-wal-recovery-r3-retry1
start p1-mini-swe-agent-query-optimize-r3-retry1
done  p1-terminus-2-git-multibranch-r2-retry1
start p1-pi-multi-source-data-merger-r2-retry1
done  p1-pi-multi-source-data-merger-r2-retry1
prune (19 GB free)
skip  p1-terminus-2-feal-linear-cryptanalysis-r1 (done)
skip  p1-terminus-2-fix-ocaml-gc-r2 (done)
skip  p1-mini-swe-agent-gcode-to-text-r1 (done)
skip  p1-mini-swe-agent-distribution-search-r1 (done)
skip  p1-mini-swe-agent-prove-plus-comm-r2 (done)
skip  p1-mini-swe-agent-torch-pipeline-parallelism-r2 (done)
skip  p1-terminus-2-build-cython-ext-r1 (done)
skip  p1-terminus-2-openssl-selfsigned-cert-r2 (done)
skip  p1-pi-query-optimize-r1 (done)
skip  p1-mini-swe-agent-overfull-hbox-r2 (done)
skip  p1-pi-overfull-hbox-r1 (done)
skip  p1-pi-db-wal-recovery-r1 (done)
skip  p1-terminus-2-path-tracing-r1 (done)
skip  p1-pi-fix-git-r1 (done)
start p1-terminus-2-headless-terminal-r2-retry1
done  p1-pi-mailman-r2-retry1
skip  p1-mini-swe-agent-winning-avg-corewars-r1 (done)
skip  p1-mini-swe-agent-multi-source-data-merger-r1 (done)
skip  p1-terminus-2-winning-avg-corewars-r1 (done)
skip  p1-terminus-2-db-wal-recovery-r3 (done)
skip  p1-terminus-2-adaptive-rejection-sampler-r2 (done)
skip  p1-terminus-2-multi-source-data-merger-r1 (done)
skip  p1-pi-protein-assembly-r1 (done)
skip  p1-pi-cobol-modernization-r1 (done)
skip  p1-terminus-2-winning-avg-corewars-r2 (done)
skip  p1-mini-swe-agent-modernize-scientific-stack-r1 (done)
skip  p1-terminus-2-overfull-hbox-r2 (done)
skip  p1-mini-swe-agent-polyglot-c-py-r3 (done)
skip  p1-mini-swe-agent-filter-js-from-html-r2 (done)
skip  p1-pi-git-leak-recovery-r3 (done)
skip  p1-mini-swe-agent-cancel-async-tasks-r3 (done)
skip  p1-mini-swe-agent-model-extraction-relu-logits-r2 (done)
skip  p1-pi-code-from-image-r3 (done)
skip  p1-pi-code-from-image-r1 (done)
skip  p1-mini-swe-agent-mcmc-sampling-stan-r3 (done)
skip  p1-terminus-2-code-from-image-r1 (done)
skip  p1-terminus-2-query-optimize-r1 (done)
skip  p1-mini-swe-agent-crack-7z-hash-r3 (done)
skip  p1-mini-swe-agent-polyglot-c-py-r2 (done)
skip  p1-terminus-2-qemu-startup-r2 (done)
skip  p1-terminus-2-portfolio-optimization-r1 (done)
skip  p1-pi-torch-pipeline-parallelism-r3 (done)
skip  p1-pi-headless-terminal-r1 (done)
start p1-terminus-2-large-scale-text-editing-r1-retry1
done  p1-terminus-2-headless-terminal-r2-retry1
skip  p1-terminus-2-adaptive-rejection-sampler-r3 (done)
skip  p1-terminus-2-crack-7z-hash-r1 (done)
skip  p1-mini-swe-agent-git-leak-recovery-r1 (done)
skip  p1-pi-custom-memory-heap-crash-r2 (done)
skip  p1-terminus-2-large-scale-text-editing-r2 (done)
skip  p1-pi-model-extraction-relu-logits-r1 (done)
skip  p1-mini-swe-agent-db-wal-recovery-r2 (done)
skip  p1-terminus-2-portfolio-optimization-r3 (done)
skip  p1-mini-swe-agent-kv-store-grpc-r3 (done)
skip  p1-pi-constraints-scheduling-r3 (done)
start p1-mini-swe-agent-custom-memory-heap-crash-r3-retry1
done  p1-mini-swe-agent-custom-memory-heap-crash-r3-retry1
prune (18 GB free)
done  p1-terminus-2-large-scale-text-editing-r1-retry1
prune (18 GB free)
start p1-terminus-2-fix-ocaml-gc-r3-retry1
skip  p1-pi-adaptive-rejection-sampler-r1 (done)
skip  p1-mini-swe-agent-fix-ocaml-gc-r2 (done)
skip  p1-terminus-2-overfull-hbox-r3 (done)
start p1-terminus-2-mcmc-sampling-stan-r1-retry1
done  p1-mini-swe-agent-query-optimize-r3-retry1
skip  p1-terminus-2-db-wal-recovery-r2 (done)
skip  p1-terminus-2-winning-avg-corewars-r3 (done)
start p1-terminus-2-query-optimize-r3
done  p1-terminus-2-query-optimize-r3
start p1-mini-swe-agent-constraints-scheduling-r2
done  p1-mini-swe-agent-constraints-scheduling-r2
start p1-terminus-2-cancel-async-tasks-r1
done  p1-terminus-2-cancel-async-tasks-r1
start p1-pi-mailman-r1
done  p1-terminus-2-mcmc-sampling-stan-r1-retry1
start p1-mini-swe-agent-db-wal-recovery-r3
done  p1-mini-swe-agent-db-wal-recovery-r3
start p1-terminus-2-make-mips-interpreter-r2
done  p1-pi-mailman-r1
start p1-mini-swe-agent-mailman-r3
done  p1-terminus-2-make-mips-interpreter-r2
start p1-terminus-2-path-tracing-r3
done  p1-terminus-2-path-tracing-r3
prune (19 GB free)
start p1-terminus-2-filter-js-from-html-r3
done  p1-mini-swe-agent-mailman-r3
start p1-mini-swe-agent-custom-memory-heap-crash-r1
done  p1-terminus-2-filter-js-from-html-r3
start p1-terminus-2-torch-pipeline-parallelism-r3
done  p1-mini-swe-agent-custom-memory-heap-crash-r1
prune (15 GB free)
start p1-pi-make-mips-interpreter-r3
done  p1-terminus-2-torch-pipeline-parallelism-r3
prune (18 GB free)
start p1-terminus-2-path-tracing-r2
done  p1-pi-make-mips-interpreter-r3
start p1-mini-swe-agent-crack-7z-hash-r2
done  p1-terminus-2-fix-ocaml-gc-r3-retry1
start p1-terminus-2-distribution-search-r2
done  p1-terminus-2-distribution-search-r2
start p1-terminus-2-fix-git-r2
done  p1-terminus-2-fix-git-r2
start p1-terminus-2-mcmc-sampling-stan-r3
done  p1-mini-swe-agent-crack-7z-hash-r2
prune (19 GB free)
start p1-pi-gcode-to-text-r3
done  p1-pi-gcode-to-text-r3
start p1-terminus-2-protein-assembly-r3
done  p1-terminus-2-path-tracing-r2
start p1-mini-swe-agent-headless-terminal-r1
done  p1-mini-swe-agent-headless-terminal-r1
start p1-mini-swe-agent-distribution-search-r2
done  p1-mini-swe-agent-distribution-search-r2
start p1-mini-swe-agent-cobol-modernization-r1
done  p1-mini-swe-agent-cobol-modernization-r1
start p1-terminus-2-code-from-image-r2
done  p1-terminus-2-code-from-image-r2
start p1-terminus-2-financial-document-processor-r2
done  p1-terminus-2-financial-document-processor-r2
start p1-terminus-2-make-mips-interpreter-r3
done  p1-terminus-2-mcmc-sampling-stan-r3
start p1-pi-count-dataset-tokens-r2
fail  p1-terminus-2-protein-assembly-r3 (no reward, will retry on next pass)
start p1-terminus-2-constraints-scheduling-r2
done  p1-terminus-2-constraints-scheduling-r2
start p1-terminus-2-feal-linear-cryptanalysis-r3
done  p1-pi-count-dataset-tokens-r2
start p1-terminus-2-git-multibranch-r1
done  p1-terminus-2-feal-linear-cryptanalysis-r3
start p1-mini-swe-agent-overfull-hbox-r1
done  p1-terminus-2-git-multibranch-r1
start p1-pi-crack-7z-hash-r1
done  p1-mini-swe-agent-overfull-hbox-r1
prune (19 GB free)
start p1-terminus-2-distribution-search-r3
done  p1-terminus-2-distribution-search-r3
start p1-mini-swe-agent-feal-linear-cryptanalysis-r2
done  p1-mini-swe-agent-feal-linear-cryptanalysis-r2
start p1-pi-build-cython-ext-r2
done  p1-pi-crack-7z-hash-r1
start p1-mini-swe-agent-fix-git-r1
done  p1-mini-swe-agent-fix-git-r1
start p1-mini-swe-agent-adaptive-rejection-sampler-r3
done  p1-pi-build-cython-ext-r2
start p1-terminus-2-openssl-selfsigned-cert-r3
done  p1-terminus-2-openssl-selfsigned-cert-r3
start p1-pi-adaptive-rejection-sampler-r2
done  p1-terminus-2-make-mips-interpreter-r3
prune (19 GB free)
start p1-pi-make-mips-interpreter-r1
done  p1-mini-swe-agent-adaptive-rejection-sampler-r3
start p1-terminus-2-qemu-startup-r1
done  p1-pi-adaptive-rejection-sampler-r2
start p1-pi-winning-avg-corewars-r1
done  p1-terminus-2-qemu-startup-r1
start p1-pi-polyglot-c-py-r3
done  p1-pi-winning-avg-corewars-r1
start p1-pi-git-leak-recovery-r2
done  p1-pi-polyglot-c-py-r3
start p1-pi-git-multibranch-r1
done  p1-pi-git-leak-recovery-r2
prune (19 GB free)
start p1-pi-custom-memory-heap-crash-r1
done  p1-pi-make-mips-interpreter-r1
prune (19 GB free)
start p1-terminus-2-query-optimize-r2
done  p1-pi-git-multibranch-r1
start p1-mini-swe-agent-headless-terminal-r3
done  p1-pi-custom-memory-heap-crash-r1
start p1-pi-torch-pipeline-parallelism-r1
done  p1-mini-swe-agent-headless-terminal-r3
start p1-terminus-2-cancel-async-tasks-r2
done  p1-terminus-2-cancel-async-tasks-r2
start p1-terminus-2-regex-log-r3
fail  p1-terminus-2-regex-log-r3 (no reward, will retry on next pass)
prune (17 GB free)
start p1-pi-git-multibranch-r2
done  p1-pi-git-multibranch-r2
start p1-mini-swe-agent-chess-best-move-r2
fail  p1-pi-torch-pipeline-parallelism-r1 (no reward, will retry on next pass)
start p1-pi-model-extraction-relu-logits-r3
done  p1-mini-swe-agent-chess-best-move-r2
start p1-pi-feal-linear-cryptanalysis-r1
done  p1-terminus-2-query-optimize-r2
start p1-terminus-2-financial-document-processor-r1
done  p1-pi-model-extraction-relu-logits-r3
done  p1-pi-feal-linear-cryptanalysis-r1
done  p1-terminus-2-financial-document-processor-r1

Summary (Luna runs with a reward):
adaptive-rejection-sampler   {'pi': (1.0, 3), 'mini-swe-agent': (0.33, 3), 'terminus-2': (1.0, 3)}
build-cython-ext             {'pi': (1.0, 4), 'terminus-2': (0.5, 4), 'mini-swe-agent': (0.0, 6)}
build-pov-ray                {'pi': (0.33, 3), 'terminus-2': (0.33, 3), 'mini-swe-agent': (0.67, 3)}
cancel-async-tasks           {'pi': (0.67, 6), 'mini-swe-agent': (0.5, 4), 'terminus-2': (0.75, 4)}
chess-best-move              {'mini-swe-agent': (0.2, 5), 'terminus-2': (0.0, 5), 'pi': (0.0, 5)}
cobol-modernization          {'mini-swe-agent': (1.0, 6), 'terminus-2': (1.0, 4), 'pi': (1.0, 5)}
code-from-image              {'terminus-2': (1.0, 4), 'pi': (0.6, 5), 'mini-swe-agent': (1.0, 4)}
constraints-scheduling       {'mini-swe-agent': (1.0, 6), 'terminus-2': (0.8, 5), 'pi': (0.5, 4)}
count-dataset-tokens         {'terminus-2': (0.2, 5), 'mini-swe-agent': (0.33, 6), 'pi': (0.5, 4)}
crack-7z-hash                {'pi': (0.5, 4), 'terminus-2': (0.2, 5), 'mini-swe-agent': (0.0, 3)}
custom-memory-heap-crash     {'mini-swe-agent': (1.0, 2), 'pi': (1.0, 3), 'terminus-2': (1.0, 3)}
db-wal-recovery              {'mini-swe-agent': (0.2, 5), 'terminus-2': (0.43, 7), 'pi': (0.0, 4)}
distribution-search          {'mini-swe-agent': (1.0, 5), 'pi': (1.0, 4), 'terminus-2': (1.0, 4)}
feal-linear-cryptanalysis    {'mini-swe-agent': (0.83, 6), 'pi': (1.0, 4), 'terminus-2': (1.0, 4)}
filter-js-from-html          {'pi': (0.0, 3), 'mini-swe-agent': (0.0, 3), 'terminus-2': (0.0, 3)}
financial-document-processor {'pi': (0.33, 3), 'mini-swe-agent': (0.67, 3), 'terminus-2': (0.67, 3)}
fix-git                      {'pi': (1.0, 4), 'mini-swe-agent': (1.0, 6), 'terminus-2': (0.71, 7)}
fix-ocaml-gc                 {'mini-swe-agent': (0.0, 3), 'terminus-2': (1.0, 3), 'pi': (1.0, 3)}
gcode-to-text                {'terminus-2': (0.0, 5), 'mini-swe-agent': (0.0, 4), 'pi': (0.0, 4)}
git-leak-recovery            {'pi': (1.0, 4), 'terminus-2': (1.0, 5), 'mini-swe-agent': (1.0, 6)}
git-multibranch              {'terminus-2': (0.0, 3), 'mini-swe-agent': (0.67, 3), 'pi': (1.0, 3)}
headless-terminal            {'terminus-2': (0.75, 4), 'pi': (0.2, 5), 'mini-swe-agent': (1.0, 5)}
kv-store-grpc                {'mini-swe-agent': (1.0, 3), 'terminus-2': (1.0, 3), 'pi': (1.0, 3)}
large-scale-text-editing     {'terminus-2': (0.75, 4), 'mini-swe-agent': (1.0, 4), 'pi': (1.0, 4)}
mailman                      {'mini-swe-agent': (0.0, 3), 'terminus-2': (0.67, 3), 'pi': (0.33, 3)}
make-mips-interpreter        {'mini-swe-agent': (0.0, 3), 'terminus-2': (0.0, 3), 'pi': (0.0, 3)}
mcmc-sampling-stan           {'pi': (0.0, 3), 'mini-swe-agent': (0.67, 3), 'terminus-2': (0.0, 3)}
model-extraction-relu-logits {'pi': (0.0, 3), 'terminus-2': (0.0, 3), 'mini-swe-agent': (0.33, 3)}
modernize-scientific-stack   {'mini-swe-agent': (1.0, 3), 'pi': (1.0, 3), 'terminus-2': (0.67, 3)}
multi-source-data-merger     {'terminus-2': (1.0, 5), 'mini-swe-agent': (1.0, 5), 'pi': (1.0, 3)}
openssl-selfsigned-cert      {'mini-swe-agent': (1.0, 3), 'terminus-2': (0.67, 3), 'pi': (1.0, 3)}
overfull-hbox                {'mini-swe-agent': (0.67, 3), 'terminus-2': (1.0, 3), 'pi': (0.33, 3)}
path-tracing                 {'mini-swe-agent': (0.0, 4), 'pi': (0.0, 4), 'terminus-2': (0.2, 5)}
polyglot-c-py                {'terminus-2': (0.75, 4), 'pi': (0.67, 6), 'mini-swe-agent': (1.0, 4)}
polyglot-rust-c              {'pi': (0.33, 3), 'terminus-2': (1.0, 3), 'mini-swe-agent': (1.0, 3)}
portfolio-optimization       {'mini-swe-agent': (0.33, 3), 'terminus-2': (0.67, 3), 'pi': (0.33, 3)}
protein-assembly             {'pi': (0.0, 4), 'terminus-2': (0.0, 2), 'mini-swe-agent': (0.0, 6)}
prove-plus-comm              {'terminus-2': (0.5, 4), 'mini-swe-agent': (1.0, 6), 'pi': (1.0, 5)}
qemu-startup                 {'terminus-2': (0.0, 3)}
query-optimize               {'terminus-2': (0.0, 3), 'pi': (0.0, 3), 'mini-swe-agent': (0.5, 2)}
regex-chess                  {'pi': (0.0, 3), 'terminus-2': (0.0, 3), 'mini-swe-agent': (0.0, 3)}
regex-log                    {'pi': (1.0, 4), 'mini-swe-agent': (1.0, 3), 'terminus-2': (1.0, 2)}
schemelike-metacircular-eval {'pi': (0.2, 5), 'terminus-2': (0.25, 4), 'mini-swe-agent': (0.5, 4)}
torch-pipeline-parallelism   {'mini-swe-agent': (0.0, 4), 'pi': (0.0, 4), 'terminus-2': (0.0, 4)}
winning-avg-corewars         {'mini-swe-agent': (0.33, 6), 'pi': (0.0, 4), 'terminus-2': (0.5, 4)}
=== pass 2 (retries) Mon Oct  5 13:24:41 AEDT 2026 ===
skip  p1-terminus-2-large-scale-text-editing-r3 (done)
skip  p1-terminus-2-regex-log-r2 (done)
skip  p1-mini-swe-agent-multi-source-data-merger-r3 (done)
skip  p1-mini-swe-agent-financial-document-processor-r3 (done)
skip  p1-mini-swe-agent-financial-document-processor-r2 (done)
skip  p1-terminus-2-polyglot-rust-c-r1 (done)
skip  p1-terminus-2-crack-7z-hash-r2 (done)
skip  p1-pi-feal-linear-cryptanalysis-r3 (done)
skip  p1-pi-filter-js-from-html-r3 (done)
skip  p1-mini-swe-agent-model-extraction-relu-logits-r1 (done)
skip  p1-terminus-2-cobol-modernization-r3 (done)
skip  p1-terminus-2-modernize-scientific-stack-r3 (done)
skip  p1-pi-fix-git-r3 (done)
skip  p1-pi-count-dataset-tokens-r1 (done)
skip  p1-mini-swe-agent-polyglot-rust-c-r1 (done)
skip  p1-terminus-2-polyglot-c-py-r1 (done)
skip  p1-pi-winning-avg-corewars-r3 (done)
skip  p1-pi-cancel-async-tasks-r3 (done)
skip  p1-pi-filter-js-from-html-r2 (done)
skip  p1-pi-modernize-scientific-stack-r3 (done)
skip  p1-pi-adaptive-rejection-sampler-r3 (done)
skip  p1-mini-swe-agent-git-multibranch-r1 (done)
skip  p1-mini-swe-agent-constraints-scheduling-r1 (done)
skip  p1-terminus-2-custom-memory-heap-crash-r1 (done)
skip  p1-terminus-2-db-wal-recovery-r1 (done)
skip  p1-terminus-2-count-dataset-tokens-r3 (done)
skip  p1-terminus-2-build-pov-ray-r3 (done)
skip  p1-terminus-2-protein-assembly-r1 (done)
skip  p1-terminus-2-prove-plus-comm-r3 (done)
skip  p1-mini-swe-agent-cancel-async-tasks-r1 (done)
skip  p1-terminus-2-chess-best-move-r3 (done)
skip  p1-pi-custom-memory-heap-crash-r3 (done)
skip  p1-terminus-2-cancel-async-tasks-r3 (done)
skip  p1-pi-portfolio-optimization-r3 (done)
skip  p1-mini-swe-agent-gcode-to-text-r2 (done)
skip  p1-terminus-2-regex-chess-r1 (done)
skip  p1-terminus-2-multi-source-data-merger-r2 (done)
skip  p1-pi-mcmc-sampling-stan-r1 (done)
skip  p1-mini-swe-agent-protein-assembly-r1 (done)
start p1-pi-qemu-startup-r2-retry2
skip  p1-pi-headless-terminal-r3 (done)
skip  p1-terminus-2-custom-memory-heap-crash-r2 (done)
skip  p1-terminus-2-headless-terminal-r1 (done)
skip  p1-terminus-2-count-dataset-tokens-r2 (done)
skip  p1-mini-swe-agent-openssl-selfsigned-cert-r3 (done)
skip  p1-terminus-2-filter-js-from-html-r2 (done)
skip  p1-mini-swe-agent-build-cython-ext-r2 (done)
skip  p1-terminus-2-mailman-r1 (done)
skip  p1-mini-swe-agent-git-leak-recovery-r2 (done)
skip  p1-terminus-2-modernize-scientific-stack-r2 (done)
skip  p1-pi-chess-best-move-r3 (done)
skip  p1-pi-build-pov-ray-r3 (done)
skip  p1-mini-swe-agent-feal-linear-cryptanalysis-r3 (done)
skip  p1-terminus-2-make-mips-interpreter-r1 (done)
skip  p1-pi-path-tracing-r3 (done)
skip  p1-pi-kv-store-grpc-r2 (done)
skip  p1-pi-distribution-search-r2 (done)
skip  p1-terminus-2-kv-store-grpc-r2 (done)
skip  p1-mini-swe-agent-constraints-scheduling-r3 (done)
skip  p1-terminus-2-fix-git-r1 (done)
skip  p1-mini-swe-agent-protein-assembly-r2 (done)
skip  p1-terminus-2-cobol-modernization-r2 (done)
skip  p1-pi-distribution-search-r1 (done)
skip  p1-pi-mailman-r3 (done)
skip  p1-pi-schemelike-metacircular-eval-r3 (done)
skip  p1-pi-regex-log-r2 (done)
skip  p1-mini-swe-agent-cobol-modernization-r2 (done)
skip  p1-terminus-2-polyglot-rust-c-r2 (done)
skip  p1-terminus-2-schemelike-metacircular-eval-r1 (done)
skip  p1-pi-portfolio-optimization-r1 (done)
skip  p1-terminus-2-schemelike-metacircular-eval-r3 (done)
skip  p1-terminus-2-count-dataset-tokens-r1 (done)
skip  p1-pi-regex-log-r3 (done)
skip  p1-mini-swe-agent-torch-pipeline-parallelism-r3 (done)
skip  p1-mini-swe-agent-mailman-r1 (done)
skip  p1-terminus-2-kv-store-grpc-r3 (done)
skip  p1-pi-constraints-scheduling-r1 (done)
skip  p1-terminus-2-model-extraction-relu-logits-r1 (done)
skip  p1-pi-prove-plus-comm-r3 (done)
skip  p1-terminus-2-build-pov-ray-r1 (done)
skip  p1-pi-modernize-scientific-stack-r2 (done)
skip  p1-mini-swe-agent-winning-avg-corewars-r3 (done)
skip  p1-pi-overfull-hbox-r3 (done)
skip  p1-mini-swe-agent-fix-ocaml-gc-r1 (done)
skip  p1-mini-swe-agent-financial-document-processor-r1 (done)
skip  p1-pi-protein-assembly-r3 (done)
skip  p1-mini-swe-agent-openssl-selfsigned-cert-r2 (done)
skip  p1-pi-gcode-to-text-r1 (done)
skip  p1-mini-swe-agent-headless-terminal-r2 (done)
skip  p1-terminus-2-mcmc-sampling-stan-r2 (done)
skip  p1-mini-swe-agent-mcmc-sampling-stan-r2 (done)
skip  p1-terminus-2-protein-assembly-r2 (done)
skip  p1-mini-swe-agent-polyglot-rust-c-r2 (done)
skip  p1-terminus-2-distribution-search-r1 (done)
skip  p1-pi-build-pov-ray-r1 (done)
skip  p1-mini-swe-agent-build-pov-ray-r1 (done)
skip  p1-mini-swe-agent-chess-best-move-r3 (done)
skip  p1-pi-torch-pipeline-parallelism-r2 (done)
skip  p1-mini-swe-agent-portfolio-optimization-r2 (done)
skip  p1-mini-swe-agent-code-from-image-r2 (done)
skip  p1-pi-query-optimize-r3 (done)
skip  p1-mini-swe-agent-regex-chess-r3 (done)
skip  p1-mini-swe-agent-modernize-scientific-stack-r2 (done)
skip  p1-pi-path-tracing-r1 (done)
skip  p1-pi-cancel-async-tasks-r2 (done)
skip  p1-mini-swe-agent-polyglot-c-py-r1 (done)
skip  p1-mini-swe-agent-large-scale-text-editing-r3 (done)
skip  p1-pi-mcmc-sampling-stan-r3 (done)
skip  p1-mini-swe-agent-custom-memory-heap-crash-r2 (done)
skip  p1-terminus-2-constraints-scheduling-r1 (done)
skip  p1-mini-swe-agent-openssl-selfsigned-cert-r1 (done)
skip  p1-pi-polyglot-rust-c-r1 (done)
skip  p1-mini-swe-agent-db-wal-recovery-r1 (done)
skip  p1-terminus-2-filter-js-from-html-r1 (done)
skip  p1-mini-swe-agent-schemelike-metacircular-eval-r1 (done)
skip  p1-terminus-2-cobol-modernization-r1 (done)
skip  p1-terminus-2-polyglot-c-py-r3 (done)
skip  p1-mini-swe-agent-fix-git-r2 (done)
skip  p1-pi-query-optimize-r2 (done)
skip  p1-pi-build-cython-ext-r1 (done)
skip  p1-mini-swe-agent-multi-source-data-merger-r2 (done)
skip  p1-terminus-2-build-pov-ray-r2 (done)
skip  p1-pi-distribution-search-r3 (done)
skip  p1-terminus-2-torch-pipeline-parallelism-r2 (done)
skip  p1-terminus-2-prove-plus-comm-r1 (done)
skip  p1-terminus-2-torch-pipeline-parallelism-r1 (done)
skip  p1-mini-swe-agent-mcmc-sampling-stan-r1 (done)
skip  p1-pi-prove-plus-comm-r2 (done)
skip  p1-pi-feal-linear-cryptanalysis-r2 (done)
skip  p1-terminus-2-portfolio-optimization-r2 (done)
skip  p1-mini-swe-agent-path-tracing-r3 (done)
skip  p1-mini-swe-agent-filter-js-from-html-r3 (done)
skip  p1-terminus-2-fix-ocaml-gc-r1 (done)
skip  p1-terminus-2-model-extraction-relu-logits-r3 (done)
skip  p1-pi-polyglot-c-py-r1 (done)
skip  p1-mini-swe-agent-make-mips-interpreter-r3 (done)
skip  p1-mini-swe-agent-query-optimize-r2 (done)
skip  p1-mini-swe-agent-overfull-hbox-r3 (done)
skip  p1-pi-cancel-async-tasks-r1 (done)
skip  p1-mini-swe-agent-winning-avg-corewars-r2 (done)
start p1-mini-swe-agent-qemu-startup-r2-retry2
skip  p1-terminus-2-headless-terminal-r3 (done)
skip  p1-pi-multi-source-data-merger-r3 (done)
skip  p1-mini-swe-agent-git-leak-recovery-r3 (done)
skip  p1-pi-large-scale-text-editing-r2 (done)
skip  p1-pi-code-from-image-r2 (done)
skip  p1-terminus-2-custom-memory-heap-crash-r3 (done)
skip  p1-pi-portfolio-optimization-r2 (done)
skip  p1-pi-fix-ocaml-gc-r3 (done)
skip  p1-terminus-2-crack-7z-hash-r3 (done)
skip  p1-terminus-2-build-cython-ext-r3 (done)
skip  p1-mini-swe-agent-make-mips-interpreter-r2 (done)
skip  p1-terminus-2-git-leak-recovery-r1 (done)
skip  p1-terminus-2-mailman-r2 (done)
skip  p1-terminus-2-git-multibranch-r3 (done)
skip  p1-terminus-2-regex-chess-r2 (done)
skip  p1-mini-swe-agent-regex-log-r2 (done)
skip  p1-pi-kv-store-grpc-r1 (done)
skip  p1-mini-swe-agent-regex-chess-r2 (done)
skip  p1-pi-model-extraction-relu-logits-r2 (done)
skip  p1-pi-polyglot-rust-c-r3 (done)
skip  p1-mini-swe-agent-feal-linear-cryptanalysis-r1 (done)
start p1-mini-swe-agent-qemu-startup-r1-retry2
fail  p1-pi-qemu-startup-r2-retry2 (no reward, will retry on next pass)
skip  p1-mini-swe-agent-fix-git-r3 (done)
skip  p1-mini-swe-agent-kv-store-grpc-r2 (done)
skip  p1-pi-build-cython-ext-r3 (done)
skip  p1-terminus-2-modernize-scientific-stack-r1 (done)
skip  p1-mini-swe-agent-schemelike-metacircular-eval-r3 (done)
skip  p1-mini-swe-agent-build-cython-ext-r3 (done)
skip  p1-pi-crack-7z-hash-r3 (done)
skip  p1-mini-swe-agent-mailman-r2 (done)
skip  p1-terminus-2-financial-document-processor-r3 (done)
skip  p1-pi-regex-log-r1 (done)
skip  p1-pi-fix-ocaml-gc-r2 (done)
skip  p1-pi-winning-avg-corewars-r2 (done)
skip  p1-pi-multi-source-data-merger-r1 (done)
skip  p1-terminus-2-schemelike-metacircular-eval-r2 (done)
skip  p1-terminus-2-fix-git-r3 (done)
skip  p1-mini-swe-agent-filter-js-from-html-r1 (done)
start p1-pi-qemu-startup-r1-retry2
fail  p1-mini-swe-agent-qemu-startup-r2-retry2 (no reward, will retry on next pass)
fail  p1-mini-swe-agent-qemu-startup-r1-retry2 (no reward, will retry on next pass)
skip  p1-pi-schemelike-metacircular-eval-r2 (done)
skip  p1-terminus-2-gcode-to-text-r3 (done)
skip  p1-pi-openssl-selfsigned-cert-r2 (done)
skip  p1-mini-swe-agent-build-cython-ext-r1 (done)
skip  p1-terminus-2-polyglot-rust-c-r3 (done)
skip  p1-mini-swe-agent-regex-log-r3 (done)
skip  p1-terminus-2-feal-linear-cryptanalysis-r2 (done)
skip  p1-mini-swe-agent-query-optimize-r1 (done)
skip  p1-mini-swe-agent-prove-plus-comm-r1 (done)
skip  p1-terminus-2-overfull-hbox-r1 (done)
skip  p1-pi-overfull-hbox-r2 (done)
skip  p1-mini-swe-agent-crack-7z-hash-r1 (done)
skip  p1-mini-swe-agent-torch-pipeline-parallelism-r1 (done)
skip  p1-mini-swe-agent-protein-assembly-r3 (done)
skip  p1-terminus-2-multi-source-data-merger-r3 (done)
skip  p1-pi-modernize-scientific-stack-r1 (done)
skip  p1-mini-swe-agent-make-mips-interpreter-r1 (done)
skip  p1-mini-swe-agent-chess-best-move-r1 (done)
skip  p1-mini-swe-agent-schemelike-metacircular-eval-r2 (done)
skip  p1-mini-swe-agent-build-pov-ray-r2 (done)
skip  p1-mini-swe-agent-fix-ocaml-gc-r3 (done)
skip  p1-mini-swe-agent-cobol-modernization-r3 (done)
skip  p1-mini-swe-agent-distribution-search-r3 (done)
skip  p1-pi-polyglot-c-py-r2 (done)
skip  p1-mini-swe-agent-regex-chess-r1 (done)
skip  p1-terminus-2-regex-log-r1 (done)
skip  p1-pi-fix-ocaml-gc-r1 (done)
skip  p1-mini-swe-agent-code-from-image-r3 (done)
skip  p1-terminus-2-adaptive-rejection-sampler-r1 (done)
skip  p1-mini-swe-agent-code-from-image-r1 (done)
skip  p1-pi-openssl-selfsigned-cert-r3 (done)
skip  p1-mini-swe-agent-git-multibranch-r2 (done)
skip  p1-pi-git-leak-recovery-r1 (done)
skip  p1-terminus-2-openssl-selfsigned-cert-r1 (done)
skip  p1-mini-swe-agent-path-tracing-r2 (done)
skip  p1-mini-swe-agent-count-dataset-tokens-r3 (done)
skip  p1-pi-build-pov-ray-r2 (done)
skip  p1-pi-large-scale-text-editing-r1 (done)
skip  p1-pi-headless-terminal-r2 (done)
start p1-pi-qemu-startup-r3-retry2
skip  p1-terminus-2-git-leak-recovery-r3 (done)
skip  p1-pi-gcode-to-text-r2 (done)
skip  p1-mini-swe-agent-path-tracing-r1 (done)
skip  p1-terminus-2-kv-store-grpc-r1 (done)
skip  p1-pi-kv-store-grpc-r3 (done)
skip  p1-mini-swe-agent-large-scale-text-editing-r2 (done)
skip  p1-terminus-2-model-extraction-relu-logits-r2 (done)
skip  p1-pi-count-dataset-tokens-r3 (done)
skip  p1-pi-financial-document-processor-r2 (done)
skip  p1-terminus-2-code-from-image-r3 (done)
skip  p1-mini-swe-agent-cancel-async-tasks-r2 (done)
skip  p1-pi-financial-document-processor-r1 (done)
skip  p1-pi-regex-chess-r3 (done)
skip  p1-mini-swe-agent-count-dataset-tokens-r2 (done)
skip  p1-mini-swe-agent-regex-log-r1 (done)
skip  p1-mini-swe-agent-polyglot-rust-c-r3 (done)
skip  p1-pi-fix-git-r2 (done)
skip  p1-pi-large-scale-text-editing-r3 (done)
skip  p1-mini-swe-agent-git-multibranch-r3 (done)
skip  p1-terminus-2-regex-chess-r3 (done)
skip  p1-mini-swe-agent-build-pov-ray-r3 (done)
skip  p1-pi-mcmc-sampling-stan-r2 (done)
skip  p1-pi-filter-js-from-html-r1 (done)
skip  p1-pi-schemelike-metacircular-eval-r1 (done)
skip  p1-pi-polyglot-rust-c-r2 (done)
skip  p1-terminus-2-constraints-scheduling-r3 (done)
skip  p1-pi-crack-7z-hash-r2 (done)
skip  p1-terminus-2-chess-best-move-r1 (done)
skip  p1-terminus-2-build-cython-ext-r2 (done)
skip  p1-terminus-2-gcode-to-text-r1 (done)
skip  p1-pi-protein-assembly-r2 (done)
skip  p1-pi-make-mips-interpreter-r2 (done)
skip  p1-pi-chess-best-move-r2 (done)
skip  p1-pi-git-multibranch-r3 (done)
start p1-mini-swe-agent-qemu-startup-r3-retry2
fail  p1-pi-qemu-startup-r1-retry2 (no reward, will retry on next pass)
skip  p1-mini-swe-agent-modernize-scientific-stack-r3 (done)
skip  p1-pi-prove-plus-comm-r1 (done)
skip  p1-terminus-2-prove-plus-comm-r2 (done)
skip  p1-pi-path-tracing-r2 (done)
skip  p1-terminus-2-git-leak-recovery-r2 (done)
skip  p1-pi-openssl-selfsigned-cert-r1 (done)
skip  p1-mini-swe-agent-adaptive-rejection-sampler-r1 (done)
skip  p1-pi-constraints-scheduling-r2 (done)
skip  p1-pi-db-wal-recovery-r2 (done)
skip  p1-terminus-2-gcode-to-text-r2 (done)
skip  p1-mini-swe-agent-adaptive-rejection-sampler-r2 (done)
skip  p1-mini-swe-agent-count-dataset-tokens-r1 (done)
skip  p1-pi-regex-chess-r1 (done)
skip  p1-terminus-2-qemu-startup-r3 (done)
skip  p1-terminus-2-mailman-r3 (done)
skip  p1-mini-swe-agent-model-extraction-relu-logits-r3 (done)
skip  p1-mini-swe-agent-portfolio-optimization-r1 (done)
skip  p1-pi-financial-document-processor-r3 (done)
skip  p1-pi-chess-best-move-r1 (done)
skip  p1-mini-swe-agent-gcode-to-text-r3 (done)
skip  p1-pi-cobol-modernization-r2 (done)
skip  p1-terminus-2-chess-best-move-r2 (done)
skip  p1-pi-regex-chess-r2 (done)
skip  p1-mini-swe-agent-large-scale-text-editing-r1 (done)
skip  p1-mini-swe-agent-portfolio-optimization-r3 (done)
skip  p1-mini-swe-agent-kv-store-grpc-r1 (done)
skip  p1-pi-cobol-modernization-r3 (done)
skip  p1-pi-db-wal-recovery-r3 (done)
skip  p1-pi-mailman-r2 (done)
skip  p1-terminus-2-polyglot-c-py-r2 (done)
skip  p1-mini-swe-agent-prove-plus-comm-r3 (done)
skip  p1-terminus-2-git-multibranch-r2 (done)
start p1-mini-swe-agent-query-optimize-r3-retry1
fail  p1-pi-qemu-startup-r3-retry2 (no reward, will retry on next pass)
skip  p1-pi-multi-source-data-merger-r2 (done)
skip  p1-terminus-2-feal-linear-cryptanalysis-r1 (done)
skip  p1-terminus-2-fix-ocaml-gc-r2 (done)
skip  p1-mini-swe-agent-gcode-to-text-r1 (done)
skip  p1-mini-swe-agent-distribution-search-r1 (done)
skip  p1-mini-swe-agent-prove-plus-comm-r2 (done)
skip  p1-mini-swe-agent-torch-pipeline-parallelism-r2 (done)
skip  p1-terminus-2-build-cython-ext-r1 (done)
skip  p1-terminus-2-openssl-selfsigned-cert-r2 (done)
skip  p1-pi-query-optimize-r1 (done)
skip  p1-mini-swe-agent-overfull-hbox-r2 (done)
skip  p1-pi-overfull-hbox-r1 (done)
skip  p1-pi-db-wal-recovery-r1 (done)
skip  p1-terminus-2-path-tracing-r1 (done)
skip  p1-pi-fix-git-r1 (done)
skip  p1-terminus-2-headless-terminal-r2 (done)
skip  p1-mini-swe-agent-winning-avg-corewars-r1 (done)
skip  p1-mini-swe-agent-multi-source-data-merger-r1 (done)
skip  p1-terminus-2-winning-avg-corewars-r1 (done)
skip  p1-terminus-2-db-wal-recovery-r3 (done)
skip  p1-terminus-2-adaptive-rejection-sampler-r2 (done)
skip  p1-terminus-2-multi-source-data-merger-r1 (done)
skip  p1-pi-protein-assembly-r1 (done)
skip  p1-pi-cobol-modernization-r1 (done)
skip  p1-terminus-2-winning-avg-corewars-r2 (done)
skip  p1-mini-swe-agent-modernize-scientific-stack-r1 (done)
skip  p1-terminus-2-overfull-hbox-r2 (done)
skip  p1-mini-swe-agent-polyglot-c-py-r3 (done)
skip  p1-mini-swe-agent-filter-js-from-html-r2 (done)
skip  p1-pi-git-leak-recovery-r3 (done)
skip  p1-mini-swe-agent-cancel-async-tasks-r3 (done)
skip  p1-mini-swe-agent-model-extraction-relu-logits-r2 (done)
skip  p1-pi-code-from-image-r3 (done)
skip  p1-pi-code-from-image-r1 (done)
skip  p1-mini-swe-agent-mcmc-sampling-stan-r3 (done)
skip  p1-terminus-2-code-from-image-r1 (done)
skip  p1-terminus-2-query-optimize-r1 (done)
skip  p1-mini-swe-agent-crack-7z-hash-r3 (done)
skip  p1-mini-swe-agent-polyglot-c-py-r2 (done)
skip  p1-terminus-2-qemu-startup-r2 (done)
skip  p1-terminus-2-portfolio-optimization-r1 (done)
skip  p1-pi-torch-pipeline-parallelism-r3 (done)
skip  p1-pi-headless-terminal-r1 (done)
start p1-terminus-2-large-scale-text-editing-r1-retry1
fail  p1-mini-swe-agent-qemu-startup-r3-retry2 (no reward, will retry on next pass)
skip  p1-terminus-2-adaptive-rejection-sampler-r3 (done)
skip  p1-terminus-2-crack-7z-hash-r1 (done)
skip  p1-mini-swe-agent-git-leak-recovery-r1 (done)
skip  p1-pi-custom-memory-heap-crash-r2 (done)
skip  p1-terminus-2-large-scale-text-editing-r2 (done)
skip  p1-pi-model-extraction-relu-logits-r1 (done)
skip  p1-mini-swe-agent-db-wal-recovery-r2 (done)
skip  p1-terminus-2-portfolio-optimization-r3 (done)
skip  p1-mini-swe-agent-kv-store-grpc-r3 (done)
skip  p1-pi-constraints-scheduling-r3 (done)
start p1-mini-swe-agent-custom-memory-heap-crash-r3-retry1
done  p1-mini-swe-agent-custom-memory-heap-crash-r3-retry1
prune (12 GB free)
skip  p1-terminus-2-fix-ocaml-gc-r3 (done)
prune (17 GB free)
skip  p1-pi-adaptive-rejection-sampler-r1 (done)
prune (18 GB free)
skip  p1-mini-swe-agent-fix-ocaml-gc-r2 (done)
skip  p1-terminus-2-overfull-hbox-r3 (done)
skip  p1-terminus-2-mcmc-sampling-stan-r1 (done)
skip  p1-terminus-2-db-wal-recovery-r2 (done)
skip  p1-terminus-2-winning-avg-corewars-r3 (done)
skip  p1-terminus-2-query-optimize-r3 (done)
skip  p1-mini-swe-agent-constraints-scheduling-r2 (done)
skip  p1-terminus-2-cancel-async-tasks-r1 (done)
skip  p1-pi-mailman-r1 (done)
skip  p1-mini-swe-agent-db-wal-recovery-r3 (done)
skip  p1-terminus-2-make-mips-interpreter-r2 (done)
skip  p1-mini-swe-agent-mailman-r3 (done)
skip  p1-terminus-2-path-tracing-r3 (done)
skip  p1-terminus-2-filter-js-from-html-r3 (done)
skip  p1-mini-swe-agent-custom-memory-heap-crash-r1 (done)
skip  p1-terminus-2-torch-pipeline-parallelism-r3 (done)
skip  p1-pi-make-mips-interpreter-r3 (done)
skip  p1-terminus-2-path-tracing-r2 (done)
skip  p1-mini-swe-agent-crack-7z-hash-r2 (done)
skip  p1-terminus-2-distribution-search-r2 (done)
skip  p1-terminus-2-fix-git-r2 (done)
skip  p1-terminus-2-mcmc-sampling-stan-r3 (done)
skip  p1-pi-gcode-to-text-r3 (done)
start p1-terminus-2-protein-assembly-r3-retry1
done  p1-mini-swe-agent-query-optimize-r3-retry1
skip  p1-mini-swe-agent-headless-terminal-r1 (done)
skip  p1-mini-swe-agent-distribution-search-r2 (done)
skip  p1-mini-swe-agent-cobol-modernization-r1 (done)
skip  p1-terminus-2-code-from-image-r2 (done)
skip  p1-terminus-2-financial-document-processor-r2 (done)
skip  p1-terminus-2-make-mips-interpreter-r3 (done)
skip  p1-pi-count-dataset-tokens-r2 (done)
skip  p1-terminus-2-constraints-scheduling-r2 (done)
skip  p1-terminus-2-feal-linear-cryptanalysis-r3 (done)
skip  p1-terminus-2-git-multibranch-r1 (done)
skip  p1-mini-swe-agent-overfull-hbox-r1 (done)
skip  p1-pi-crack-7z-hash-r1 (done)
skip  p1-terminus-2-distribution-search-r3 (done)
skip  p1-mini-swe-agent-feal-linear-cryptanalysis-r2 (done)
skip  p1-pi-build-cython-ext-r2 (done)
skip  p1-mini-swe-agent-fix-git-r1 (done)
skip  p1-mini-swe-agent-adaptive-rejection-sampler-r3 (done)
skip  p1-terminus-2-openssl-selfsigned-cert-r3 (done)
skip  p1-pi-adaptive-rejection-sampler-r2 (done)
skip  p1-pi-make-mips-interpreter-r1 (done)
skip  p1-terminus-2-qemu-startup-r1 (done)
skip  p1-pi-winning-avg-corewars-r1 (done)
skip  p1-pi-polyglot-c-py-r3 (done)
skip  p1-pi-git-leak-recovery-r2 (done)
skip  p1-pi-git-multibranch-r1 (done)
skip  p1-pi-custom-memory-heap-crash-r1 (done)
skip  p1-terminus-2-query-optimize-r2 (done)
skip  p1-mini-swe-agent-headless-terminal-r3 (done)
start p1-pi-torch-pipeline-parallelism-r1-retry1
done  p1-terminus-2-protein-assembly-r3-retry1
skip  p1-terminus-2-cancel-async-tasks-r2 (done)
start p1-terminus-2-regex-log-r3-retry1
done  p1-terminus-2-regex-log-r3-retry1
skip  p1-pi-git-multibranch-r2 (done)
skip  p1-mini-swe-agent-chess-best-move-r2 (done)
skip  p1-pi-model-extraction-relu-logits-r3 (done)
skip  p1-pi-feal-linear-cryptanalysis-r1 (done)
skip  p1-terminus-2-financial-document-processor-r1 (done)
done  p1-pi-torch-pipeline-parallelism-r1-retry1
done  p1-terminus-2-large-scale-text-editing-r1-retry1

Summary (Luna runs with a reward):
adaptive-rejection-sampler   {'pi': (1.0, 3), 'mini-swe-agent': (0.33, 3), 'terminus-2': (1.0, 3)}
build-cython-ext             {'pi': (1.0, 4), 'terminus-2': (0.5, 4), 'mini-swe-agent': (0.0, 6)}
build-pov-ray                {'pi': (0.33, 3), 'terminus-2': (0.33, 3), 'mini-swe-agent': (0.67, 3)}
cancel-async-tasks           {'pi': (0.67, 6), 'mini-swe-agent': (0.5, 4), 'terminus-2': (0.75, 4)}
chess-best-move              {'mini-swe-agent': (0.2, 5), 'terminus-2': (0.0, 5), 'pi': (0.0, 5)}
cobol-modernization          {'mini-swe-agent': (1.0, 6), 'terminus-2': (1.0, 4), 'pi': (1.0, 5)}
code-from-image              {'terminus-2': (1.0, 4), 'pi': (0.6, 5), 'mini-swe-agent': (1.0, 4)}
constraints-scheduling       {'mini-swe-agent': (1.0, 6), 'terminus-2': (0.8, 5), 'pi': (0.5, 4)}
count-dataset-tokens         {'terminus-2': (0.2, 5), 'mini-swe-agent': (0.33, 6), 'pi': (0.5, 4)}
crack-7z-hash                {'pi': (0.5, 4), 'terminus-2': (0.2, 5), 'mini-swe-agent': (0.0, 3)}
custom-memory-heap-crash     {'mini-swe-agent': (1.0, 3), 'pi': (1.0, 3), 'terminus-2': (1.0, 3)}
db-wal-recovery              {'mini-swe-agent': (0.2, 5), 'terminus-2': (0.43, 7), 'pi': (0.0, 4)}
distribution-search          {'mini-swe-agent': (1.0, 5), 'pi': (1.0, 4), 'terminus-2': (1.0, 4)}
feal-linear-cryptanalysis    {'mini-swe-agent': (0.83, 6), 'pi': (1.0, 4), 'terminus-2': (1.0, 4)}
filter-js-from-html          {'pi': (0.0, 3), 'mini-swe-agent': (0.0, 3), 'terminus-2': (0.0, 3)}
financial-document-processor {'pi': (0.33, 3), 'mini-swe-agent': (0.67, 3), 'terminus-2': (0.67, 3)}
fix-git                      {'pi': (1.0, 4), 'mini-swe-agent': (1.0, 6), 'terminus-2': (0.71, 7)}
fix-ocaml-gc                 {'mini-swe-agent': (0.0, 3), 'terminus-2': (1.0, 3), 'pi': (1.0, 3)}
gcode-to-text                {'terminus-2': (0.0, 5), 'mini-swe-agent': (0.0, 4), 'pi': (0.0, 4)}
git-leak-recovery            {'pi': (1.0, 4), 'terminus-2': (1.0, 5), 'mini-swe-agent': (1.0, 6)}
git-multibranch              {'terminus-2': (0.0, 3), 'mini-swe-agent': (0.67, 3), 'pi': (1.0, 3)}
headless-terminal            {'terminus-2': (0.75, 4), 'pi': (0.2, 5), 'mini-swe-agent': (1.0, 5)}
kv-store-grpc                {'mini-swe-agent': (1.0, 3), 'terminus-2': (1.0, 3), 'pi': (1.0, 3)}
large-scale-text-editing     {'terminus-2': (0.8, 5), 'mini-swe-agent': (1.0, 4), 'pi': (1.0, 4)}
mailman                      {'mini-swe-agent': (0.0, 3), 'terminus-2': (0.67, 3), 'pi': (0.33, 3)}
make-mips-interpreter        {'mini-swe-agent': (0.0, 3), 'terminus-2': (0.0, 3), 'pi': (0.0, 3)}
mcmc-sampling-stan           {'pi': (0.0, 3), 'mini-swe-agent': (0.67, 3), 'terminus-2': (0.0, 3)}
model-extraction-relu-logits {'pi': (0.0, 3), 'terminus-2': (0.0, 3), 'mini-swe-agent': (0.33, 3)}
modernize-scientific-stack   {'mini-swe-agent': (1.0, 3), 'pi': (1.0, 3), 'terminus-2': (0.67, 3)}
multi-source-data-merger     {'terminus-2': (1.0, 5), 'mini-swe-agent': (1.0, 5), 'pi': (1.0, 3)}
openssl-selfsigned-cert      {'mini-swe-agent': (1.0, 3), 'terminus-2': (0.67, 3), 'pi': (1.0, 3)}
overfull-hbox                {'mini-swe-agent': (0.67, 3), 'terminus-2': (1.0, 3), 'pi': (0.33, 3)}
path-tracing                 {'mini-swe-agent': (0.0, 4), 'pi': (0.0, 4), 'terminus-2': (0.2, 5)}
polyglot-c-py                {'terminus-2': (0.75, 4), 'pi': (0.67, 6), 'mini-swe-agent': (1.0, 4)}
polyglot-rust-c              {'pi': (0.33, 3), 'terminus-2': (1.0, 3), 'mini-swe-agent': (1.0, 3)}
portfolio-optimization       {'mini-swe-agent': (0.33, 3), 'terminus-2': (0.67, 3), 'pi': (0.33, 3)}
protein-assembly             {'pi': (0.0, 4), 'terminus-2': (0.0, 3), 'mini-swe-agent': (0.0, 6)}
prove-plus-comm              {'terminus-2': (0.5, 4), 'mini-swe-agent': (1.0, 6), 'pi': (1.0, 5)}
qemu-startup                 {'terminus-2': (0.0, 3)}
query-optimize               {'terminus-2': (0.0, 3), 'pi': (0.0, 3), 'mini-swe-agent': (0.33, 3)}
regex-chess                  {'pi': (0.0, 3), 'terminus-2': (0.0, 3), 'mini-swe-agent': (0.0, 3)}
regex-log                    {'terminus-2': (1.0, 3), 'pi': (1.0, 4), 'mini-swe-agent': (1.0, 3)}
schemelike-metacircular-eval {'pi': (0.2, 5), 'terminus-2': (0.25, 4), 'mini-swe-agent': (0.5, 4)}
torch-pipeline-parallelism   {'mini-swe-agent': (0.0, 4), 'pi': (0.2, 5), 'terminus-2': (0.0, 4)}
winning-avg-corewars         {'mini-swe-agent': (0.33, 6), 'pi': (0.0, 4), 'terminus-2': (0.5, 4)}
=== finished Mon Oct  5 13:50:22 AEDT 2026 ===
=== retry pass Mon Oct  5 13:50:41 AEDT 2026 ===
skip  p1-terminus-2-large-scale-text-editing-r3 (done)
skip  p1-mini-swe-agent-multi-source-data-merger-r3 (done)
skip  p1-terminus-2-regex-log-r2 (done)
skip  p1-mini-swe-agent-financial-document-processor-r3 (done)
skip  p1-mini-swe-agent-financial-document-processor-r2 (done)
skip  p1-terminus-2-polyglot-rust-c-r1 (done)
skip  p1-pi-feal-linear-cryptanalysis-r3 (done)
skip  p1-terminus-2-crack-7z-hash-r2 (done)
skip  p1-pi-filter-js-from-html-r3 (done)
skip  p1-terminus-2-modernize-scientific-stack-r3 (done)
skip  p1-mini-swe-agent-model-extraction-relu-logits-r1 (done)
skip  p1-terminus-2-cobol-modernization-r3 (done)
skip  p1-pi-count-dataset-tokens-r1 (done)
skip  p1-pi-fix-git-r3 (done)
skip  p1-mini-swe-agent-polyglot-rust-c-r1 (done)
skip  p1-pi-winning-avg-corewars-r3 (done)
skip  p1-terminus-2-polyglot-c-py-r1 (done)
skip  p1-pi-cancel-async-tasks-r3 (done)
skip  p1-pi-modernize-scientific-stack-r3 (done)
skip  p1-pi-filter-js-from-html-r2 (done)
skip  p1-pi-adaptive-rejection-sampler-r3 (done)
skip  p1-mini-swe-agent-constraints-scheduling-r1 (done)
skip  p1-mini-swe-agent-git-multibranch-r1 (done)
skip  p1-terminus-2-custom-memory-heap-crash-r1 (done)
skip  p1-terminus-2-db-wal-recovery-r1 (done)
skip  p1-terminus-2-count-dataset-tokens-r3 (done)
skip  p1-terminus-2-build-pov-ray-r3 (done)
skip  p1-terminus-2-protein-assembly-r1 (done)
skip  p1-terminus-2-prove-plus-comm-r3 (done)
skip  p1-mini-swe-agent-cancel-async-tasks-r1 (done)
skip  p1-terminus-2-chess-best-move-r3 (done)
skip  p1-pi-custom-memory-heap-crash-r3 (done)
skip  p1-terminus-2-cancel-async-tasks-r3 (done)
skip  p1-pi-portfolio-optimization-r3 (done)
skip  p1-mini-swe-agent-gcode-to-text-r2 (done)
skip  p1-terminus-2-regex-chess-r1 (done)
skip  p1-terminus-2-multi-source-data-merger-r2 (done)
skip  p1-pi-mcmc-sampling-stan-r1 (done)
skip  p1-mini-swe-agent-protein-assembly-r1 (done)
give up p1-pi-qemu-startup-r2 (3 attempts without reward)
skip  p1-pi-headless-terminal-r3 (done)
skip  p1-terminus-2-custom-memory-heap-crash-r2 (done)
skip  p1-terminus-2-headless-terminal-r1 (done)
skip  p1-terminus-2-count-dataset-tokens-r2 (done)
skip  p1-mini-swe-agent-openssl-selfsigned-cert-r3 (done)
skip  p1-terminus-2-filter-js-from-html-r2 (done)
skip  p1-mini-swe-agent-build-cython-ext-r2 (done)
skip  p1-mini-swe-agent-git-leak-recovery-r2 (done)
skip  p1-terminus-2-modernize-scientific-stack-r2 (done)
skip  p1-terminus-2-mailman-r1 (done)
skip  p1-pi-chess-best-move-r3 (done)
skip  p1-pi-build-pov-ray-r3 (done)
skip  p1-mini-swe-agent-feal-linear-cryptanalysis-r3 (done)
skip  p1-terminus-2-make-mips-interpreter-r1 (done)
skip  p1-pi-path-tracing-r3 (done)
skip  p1-terminus-2-fix-git-r1 (done)
skip  p1-pi-kv-store-grpc-r2 (done)
skip  p1-pi-distribution-search-r2 (done)
skip  p1-terminus-2-kv-store-grpc-r2 (done)
skip  p1-mini-swe-agent-constraints-scheduling-r3 (done)
skip  p1-terminus-2-cobol-modernization-r2 (done)
skip  p1-mini-swe-agent-protein-assembly-r2 (done)
skip  p1-pi-distribution-search-r1 (done)
skip  p1-pi-mailman-r3 (done)
skip  p1-pi-schemelike-metacircular-eval-r3 (done)
skip  p1-pi-regex-log-r2 (done)
skip  p1-mini-swe-agent-cobol-modernization-r2 (done)
skip  p1-terminus-2-polyglot-rust-c-r2 (done)
skip  p1-terminus-2-schemelike-metacircular-eval-r1 (done)
skip  p1-pi-portfolio-optimization-r1 (done)
skip  p1-terminus-2-schemelike-metacircular-eval-r3 (done)
skip  p1-terminus-2-count-dataset-tokens-r1 (done)
skip  p1-pi-regex-log-r3 (done)
skip  p1-mini-swe-agent-torch-pipeline-parallelism-r3 (done)
skip  p1-mini-swe-agent-mailman-r1 (done)
skip  p1-terminus-2-kv-store-grpc-r3 (done)
skip  p1-terminus-2-model-extraction-relu-logits-r1 (done)
skip  p1-pi-constraints-scheduling-r1 (done)
skip  p1-pi-prove-plus-comm-r3 (done)
skip  p1-terminus-2-build-pov-ray-r1 (done)
skip  p1-pi-modernize-scientific-stack-r2 (done)
skip  p1-mini-swe-agent-winning-avg-corewars-r3 (done)
skip  p1-pi-overfull-hbox-r3 (done)
skip  p1-mini-swe-agent-fix-ocaml-gc-r1 (done)
skip  p1-mini-swe-agent-financial-document-processor-r1 (done)
skip  p1-pi-protein-assembly-r3 (done)
skip  p1-mini-swe-agent-openssl-selfsigned-cert-r2 (done)
skip  p1-pi-gcode-to-text-r1 (done)
skip  p1-mini-swe-agent-headless-terminal-r2 (done)
skip  p1-terminus-2-mcmc-sampling-stan-r2 (done)
skip  p1-mini-swe-agent-mcmc-sampling-stan-r2 (done)
skip  p1-terminus-2-protein-assembly-r2 (done)
skip  p1-mini-swe-agent-polyglot-rust-c-r2 (done)
skip  p1-terminus-2-distribution-search-r1 (done)
skip  p1-pi-build-pov-ray-r1 (done)
skip  p1-mini-swe-agent-build-pov-ray-r1 (done)
skip  p1-mini-swe-agent-chess-best-move-r3 (done)
skip  p1-mini-swe-agent-portfolio-optimization-r2 (done)
skip  p1-pi-torch-pipeline-parallelism-r2 (done)
skip  p1-mini-swe-agent-code-from-image-r2 (done)
skip  p1-mini-swe-agent-regex-chess-r3 (done)
skip  p1-pi-query-optimize-r3 (done)
skip  p1-mini-swe-agent-modernize-scientific-stack-r2 (done)
skip  p1-pi-path-tracing-r1 (done)
skip  p1-pi-cancel-async-tasks-r2 (done)
skip  p1-mini-swe-agent-polyglot-c-py-r1 (done)
skip  p1-pi-mcmc-sampling-stan-r3 (done)
skip  p1-mini-swe-agent-large-scale-text-editing-r3 (done)
skip  p1-mini-swe-agent-custom-memory-heap-crash-r2 (done)
skip  p1-terminus-2-constraints-scheduling-r1 (done)
skip  p1-mini-swe-agent-openssl-selfsigned-cert-r1 (done)
skip  p1-pi-polyglot-rust-c-r1 (done)
skip  p1-mini-swe-agent-db-wal-recovery-r1 (done)
skip  p1-terminus-2-filter-js-from-html-r1 (done)
skip  p1-mini-swe-agent-schemelike-metacircular-eval-r1 (done)
skip  p1-terminus-2-cobol-modernization-r1 (done)
skip  p1-terminus-2-polyglot-c-py-r3 (done)
skip  p1-mini-swe-agent-fix-git-r2 (done)
skip  p1-pi-build-cython-ext-r1 (done)
skip  p1-pi-query-optimize-r2 (done)
skip  p1-mini-swe-agent-multi-source-data-merger-r2 (done)
skip  p1-terminus-2-build-pov-ray-r2 (done)
skip  p1-pi-distribution-search-r3 (done)
skip  p1-terminus-2-torch-pipeline-parallelism-r2 (done)
skip  p1-terminus-2-prove-plus-comm-r1 (done)
skip  p1-mini-swe-agent-mcmc-sampling-stan-r1 (done)
skip  p1-terminus-2-torch-pipeline-parallelism-r1 (done)
skip  p1-pi-prove-plus-comm-r2 (done)
skip  p1-pi-feal-linear-cryptanalysis-r2 (done)
skip  p1-terminus-2-portfolio-optimization-r2 (done)
skip  p1-mini-swe-agent-path-tracing-r3 (done)
skip  p1-mini-swe-agent-filter-js-from-html-r3 (done)
skip  p1-terminus-2-model-extraction-relu-logits-r3 (done)
skip  p1-pi-polyglot-c-py-r1 (done)
skip  p1-mini-swe-agent-make-mips-interpreter-r3 (done)
skip  p1-mini-swe-agent-query-optimize-r2 (done)
skip  p1-terminus-2-fix-ocaml-gc-r1 (done)
skip  p1-mini-swe-agent-overfull-hbox-r3 (done)
skip  p1-pi-cancel-async-tasks-r1 (done)
skip  p1-mini-swe-agent-winning-avg-corewars-r2 (done)
skip  p1-terminus-2-headless-terminal-r3 (done)
skip  p1-pi-multi-source-data-merger-r3 (done)
give up p1-mini-swe-agent-qemu-startup-r2 (3 attempts without reward)
skip  p1-mini-swe-agent-git-leak-recovery-r3 (done)
skip  p1-pi-large-scale-text-editing-r2 (done)
skip  p1-pi-code-from-image-r2 (done)
skip  p1-terminus-2-custom-memory-heap-crash-r3 (done)
skip  p1-pi-fix-ocaml-gc-r3 (done)
skip  p1-pi-portfolio-optimization-r2 (done)
skip  p1-terminus-2-crack-7z-hash-r3 (done)
skip  p1-mini-swe-agent-make-mips-interpreter-r2 (done)
skip  p1-terminus-2-build-cython-ext-r3 (done)
skip  p1-terminus-2-git-leak-recovery-r1 (done)
skip  p1-terminus-2-mailman-r2 (done)
skip  p1-terminus-2-git-multibranch-r3 (done)
skip  p1-terminus-2-regex-chess-r2 (done)
skip  p1-mini-swe-agent-regex-log-r2 (done)
skip  p1-pi-kv-store-grpc-r1 (done)
skip  p1-mini-swe-agent-regex-chess-r2 (done)
skip  p1-pi-model-extraction-relu-logits-r2 (done)
skip  p1-pi-polyglot-rust-c-r3 (done)
skip  p1-mini-swe-agent-feal-linear-cryptanalysis-r1 (done)
skip  p1-mini-swe-agent-fix-git-r3 (done)
skip  p1-mini-swe-agent-kv-store-grpc-r2 (done)
give up p1-mini-swe-agent-qemu-startup-r1 (3 attempts without reward)
skip  p1-pi-build-cython-ext-r3 (done)
skip  p1-mini-swe-agent-schemelike-metacircular-eval-r3 (done)
skip  p1-terminus-2-modernize-scientific-stack-r1 (done)
skip  p1-mini-swe-agent-build-cython-ext-r3 (done)
skip  p1-pi-crack-7z-hash-r3 (done)
skip  p1-mini-swe-agent-mailman-r2 (done)
skip  p1-terminus-2-financial-document-processor-r3 (done)
skip  p1-pi-regex-log-r1 (done)
skip  p1-pi-fix-ocaml-gc-r2 (done)
skip  p1-pi-winning-avg-corewars-r2 (done)
skip  p1-pi-multi-source-data-merger-r1 (done)
skip  p1-terminus-2-schemelike-metacircular-eval-r2 (done)
skip  p1-terminus-2-fix-git-r3 (done)
skip  p1-mini-swe-agent-filter-js-from-html-r1 (done)
skip  p1-pi-schemelike-metacircular-eval-r2 (done)
give up p1-pi-qemu-startup-r1 (3 attempts without reward)
skip  p1-terminus-2-gcode-to-text-r3 (done)
skip  p1-pi-openssl-selfsigned-cert-r2 (done)
skip  p1-mini-swe-agent-build-cython-ext-r1 (done)
skip  p1-mini-swe-agent-query-optimize-r1 (done)
skip  p1-terminus-2-polyglot-rust-c-r3 (done)
skip  p1-mini-swe-agent-regex-log-r3 (done)
skip  p1-terminus-2-overfull-hbox-r1 (done)
skip  p1-mini-swe-agent-prove-plus-comm-r1 (done)
skip  p1-terminus-2-feal-linear-cryptanalysis-r2 (done)
skip  p1-pi-overfull-hbox-r2 (done)
skip  p1-mini-swe-agent-torch-pipeline-parallelism-r1 (done)
skip  p1-mini-swe-agent-crack-7z-hash-r1 (done)
skip  p1-mini-swe-agent-protein-assembly-r3 (done)
skip  p1-pi-modernize-scientific-stack-r1 (done)
skip  p1-terminus-2-multi-source-data-merger-r3 (done)
skip  p1-mini-swe-agent-make-mips-interpreter-r1 (done)
skip  p1-mini-swe-agent-schemelike-metacircular-eval-r2 (done)
skip  p1-mini-swe-agent-chess-best-move-r1 (done)
skip  p1-mini-swe-agent-build-pov-ray-r2 (done)
skip  p1-mini-swe-agent-fix-ocaml-gc-r3 (done)
skip  p1-mini-swe-agent-distribution-search-r3 (done)
skip  p1-mini-swe-agent-cobol-modernization-r3 (done)
skip  p1-mini-swe-agent-regex-chess-r1 (done)
skip  p1-pi-polyglot-c-py-r2 (done)
skip  p1-terminus-2-regex-log-r1 (done)
skip  p1-mini-swe-agent-code-from-image-r3 (done)
skip  p1-pi-fix-ocaml-gc-r1 (done)
skip  p1-pi-openssl-selfsigned-cert-r3 (done)
skip  p1-terminus-2-adaptive-rejection-sampler-r1 (done)
skip  p1-mini-swe-agent-code-from-image-r1 (done)
skip  p1-mini-swe-agent-git-multibranch-r2 (done)
skip  p1-pi-git-leak-recovery-r1 (done)
skip  p1-terminus-2-openssl-selfsigned-cert-r1 (done)
skip  p1-mini-swe-agent-path-tracing-r2 (done)
skip  p1-mini-swe-agent-count-dataset-tokens-r3 (done)
skip  p1-pi-build-pov-ray-r2 (done)
skip  p1-pi-large-scale-text-editing-r1 (done)
skip  p1-pi-headless-terminal-r2 (done)
give up p1-pi-qemu-startup-r3 (3 attempts without reward)
skip  p1-terminus-2-git-leak-recovery-r3 (done)
skip  p1-pi-gcode-to-text-r2 (done)
skip  p1-mini-swe-agent-path-tracing-r1 (done)
skip  p1-terminus-2-kv-store-grpc-r1 (done)
skip  p1-pi-kv-store-grpc-r3 (done)
skip  p1-terminus-2-model-extraction-relu-logits-r2 (done)
skip  p1-mini-swe-agent-large-scale-text-editing-r2 (done)
skip  p1-pi-count-dataset-tokens-r3 (done)
skip  p1-pi-financial-document-processor-r2 (done)
skip  p1-terminus-2-code-from-image-r3 (done)
skip  p1-mini-swe-agent-cancel-async-tasks-r2 (done)
skip  p1-pi-regex-chess-r3 (done)
skip  p1-pi-financial-document-processor-r1 (done)
skip  p1-mini-swe-agent-count-dataset-tokens-r2 (done)
skip  p1-mini-swe-agent-regex-log-r1 (done)
skip  p1-mini-swe-agent-polyglot-rust-c-r3 (done)
skip  p1-pi-fix-git-r2 (done)
skip  p1-mini-swe-agent-git-multibranch-r3 (done)
skip  p1-pi-large-scale-text-editing-r3 (done)
skip  p1-terminus-2-regex-chess-r3 (done)
skip  p1-mini-swe-agent-build-pov-ray-r3 (done)
skip  p1-pi-mcmc-sampling-stan-r2 (done)
skip  p1-pi-filter-js-from-html-r1 (done)
skip  p1-pi-schemelike-metacircular-eval-r1 (done)
skip  p1-terminus-2-constraints-scheduling-r3 (done)
skip  p1-pi-polyglot-rust-c-r2 (done)
skip  p1-pi-crack-7z-hash-r2 (done)
skip  p1-terminus-2-build-cython-ext-r2 (done)
skip  p1-terminus-2-chess-best-move-r1 (done)
skip  p1-terminus-2-gcode-to-text-r1 (done)
skip  p1-pi-protein-assembly-r2 (done)
skip  p1-pi-make-mips-interpreter-r2 (done)
skip  p1-pi-chess-best-move-r2 (done)
skip  p1-pi-git-multibranch-r3 (done)
give up p1-mini-swe-agent-qemu-startup-r3 (3 attempts without reward)
skip  p1-pi-prove-plus-comm-r1 (done)
skip  p1-mini-swe-agent-modernize-scientific-stack-r3 (done)
skip  p1-terminus-2-prove-plus-comm-r2 (done)
skip  p1-pi-path-tracing-r2 (done)
skip  p1-terminus-2-git-leak-recovery-r2 (done)
skip  p1-pi-openssl-selfsigned-cert-r1 (done)
skip  p1-mini-swe-agent-adaptive-rejection-sampler-r1 (done)
skip  p1-pi-constraints-scheduling-r2 (done)
skip  p1-pi-db-wal-recovery-r2 (done)
skip  p1-terminus-2-gcode-to-text-r2 (done)
skip  p1-mini-swe-agent-adaptive-rejection-sampler-r2 (done)
skip  p1-mini-swe-agent-count-dataset-tokens-r1 (done)
skip  p1-terminus-2-qemu-startup-r3 (done)
skip  p1-pi-regex-chess-r1 (done)
skip  p1-terminus-2-mailman-r3 (done)
skip  p1-mini-swe-agent-model-extraction-relu-logits-r3 (done)
skip  p1-mini-swe-agent-portfolio-optimization-r1 (done)
skip  p1-pi-financial-document-processor-r3 (done)
skip  p1-pi-chess-best-move-r1 (done)
skip  p1-mini-swe-agent-gcode-to-text-r3 (done)
skip  p1-pi-cobol-modernization-r2 (done)
skip  p1-terminus-2-chess-best-move-r2 (done)
skip  p1-pi-regex-chess-r2 (done)
skip  p1-mini-swe-agent-large-scale-text-editing-r1 (done)
skip  p1-mini-swe-agent-portfolio-optimization-r3 (done)
skip  p1-mini-swe-agent-kv-store-grpc-r1 (done)
skip  p1-pi-cobol-modernization-r3 (done)
skip  p1-pi-db-wal-recovery-r3 (done)
skip  p1-pi-mailman-r2 (done)
skip  p1-terminus-2-polyglot-c-py-r2 (done)
skip  p1-mini-swe-agent-prove-plus-comm-r3 (done)
skip  p1-terminus-2-git-multibranch-r2 (done)
skip  p1-mini-swe-agent-query-optimize-r3 (done)
skip  p1-pi-multi-source-data-merger-r2 (done)
skip  p1-terminus-2-feal-linear-cryptanalysis-r1 (done)
skip  p1-terminus-2-fix-ocaml-gc-r2 (done)
skip  p1-mini-swe-agent-gcode-to-text-r1 (done)
skip  p1-mini-swe-agent-distribution-search-r1 (done)
skip  p1-mini-swe-agent-prove-plus-comm-r2 (done)
skip  p1-terminus-2-build-cython-ext-r1 (done)
skip  p1-mini-swe-agent-torch-pipeline-parallelism-r2 (done)
skip  p1-terminus-2-openssl-selfsigned-cert-r2 (done)
skip  p1-pi-query-optimize-r1 (done)
skip  p1-mini-swe-agent-overfull-hbox-r2 (done)
skip  p1-pi-overfull-hbox-r1 (done)
skip  p1-pi-db-wal-recovery-r1 (done)
skip  p1-terminus-2-path-tracing-r1 (done)
skip  p1-pi-fix-git-r1 (done)
skip  p1-terminus-2-headless-terminal-r2 (done)
skip  p1-mini-swe-agent-winning-avg-corewars-r1 (done)
skip  p1-mini-swe-agent-multi-source-data-merger-r1 (done)
skip  p1-terminus-2-winning-avg-corewars-r1 (done)
skip  p1-terminus-2-db-wal-recovery-r3 (done)
skip  p1-terminus-2-adaptive-rejection-sampler-r2 (done)
skip  p1-terminus-2-multi-source-data-merger-r1 (done)
skip  p1-pi-protein-assembly-r1 (done)
skip  p1-pi-cobol-modernization-r1 (done)
skip  p1-terminus-2-winning-avg-corewars-r2 (done)
skip  p1-mini-swe-agent-modernize-scientific-stack-r1 (done)
skip  p1-terminus-2-overfull-hbox-r2 (done)
skip  p1-mini-swe-agent-polyglot-c-py-r3 (done)
skip  p1-mini-swe-agent-filter-js-from-html-r2 (done)
skip  p1-pi-git-leak-recovery-r3 (done)
skip  p1-mini-swe-agent-cancel-async-tasks-r3 (done)
skip  p1-pi-code-from-image-r3 (done)
skip  p1-mini-swe-agent-model-extraction-relu-logits-r2 (done)
skip  p1-pi-code-from-image-r1 (done)
skip  p1-mini-swe-agent-mcmc-sampling-stan-r3 (done)
skip  p1-terminus-2-code-from-image-r1 (done)
skip  p1-terminus-2-query-optimize-r1 (done)
skip  p1-mini-swe-agent-polyglot-c-py-r2 (done)
skip  p1-terminus-2-qemu-startup-r2 (done)
skip  p1-mini-swe-agent-crack-7z-hash-r3 (done)
skip  p1-terminus-2-portfolio-optimization-r1 (done)
skip  p1-pi-headless-terminal-r1 (done)
skip  p1-pi-torch-pipeline-parallelism-r3 (done)
skip  p1-terminus-2-large-scale-text-editing-r1 (done)
skip  p1-terminus-2-adaptive-rejection-sampler-r3 (done)
skip  p1-terminus-2-crack-7z-hash-r1 (done)
skip  p1-mini-swe-agent-git-leak-recovery-r1 (done)
skip  p1-pi-custom-memory-heap-crash-r2 (done)
skip  p1-terminus-2-large-scale-text-editing-r2 (done)
skip  p1-pi-model-extraction-relu-logits-r1 (done)
skip  p1-mini-swe-agent-db-wal-recovery-r2 (done)
skip  p1-terminus-2-portfolio-optimization-r3 (done)
skip  p1-mini-swe-agent-kv-store-grpc-r3 (done)
skip  p1-pi-constraints-scheduling-r3 (done)
skip  p1-mini-swe-agent-custom-memory-heap-crash-r3 (done)
skip  p1-terminus-2-fix-ocaml-gc-r3 (done)
skip  p1-pi-adaptive-rejection-sampler-r1 (done)
skip  p1-mini-swe-agent-fix-ocaml-gc-r2 (done)
skip  p1-terminus-2-overfull-hbox-r3 (done)
skip  p1-terminus-2-mcmc-sampling-stan-r1 (done)
skip  p1-terminus-2-db-wal-recovery-r2 (done)
skip  p1-terminus-2-winning-avg-corewars-r3 (done)
skip  p1-terminus-2-query-optimize-r3 (done)
skip  p1-mini-swe-agent-constraints-scheduling-r2 (done)
skip  p1-terminus-2-cancel-async-tasks-r1 (done)
skip  p1-pi-mailman-r1 (done)
skip  p1-mini-swe-agent-db-wal-recovery-r3 (done)
skip  p1-terminus-2-make-mips-interpreter-r2 (done)
skip  p1-terminus-2-path-tracing-r3 (done)
skip  p1-terminus-2-filter-js-from-html-r3 (done)
skip  p1-mini-swe-agent-custom-memory-heap-crash-r1 (done)
skip  p1-mini-swe-agent-mailman-r3 (done)
skip  p1-terminus-2-torch-pipeline-parallelism-r3 (done)
skip  p1-pi-make-mips-interpreter-r3 (done)
skip  p1-terminus-2-path-tracing-r2 (done)
skip  p1-mini-swe-agent-crack-7z-hash-r2 (done)
skip  p1-terminus-2-distribution-search-r2 (done)
skip  p1-terminus-2-fix-git-r2 (done)
skip  p1-terminus-2-mcmc-sampling-stan-r3 (done)
skip  p1-pi-gcode-to-text-r3 (done)
skip  p1-mini-swe-agent-headless-terminal-r1 (done)
skip  p1-terminus-2-protein-assembly-r3 (done)
skip  p1-mini-swe-agent-distribution-search-r2 (done)
skip  p1-terminus-2-code-from-image-r2 (done)
skip  p1-mini-swe-agent-cobol-modernization-r1 (done)
skip  p1-terminus-2-financial-document-processor-r2 (done)
skip  p1-pi-count-dataset-tokens-r2 (done)
skip  p1-terminus-2-make-mips-interpreter-r3 (done)
skip  p1-terminus-2-constraints-scheduling-r2 (done)
skip  p1-terminus-2-feal-linear-cryptanalysis-r3 (done)
skip  p1-terminus-2-git-multibranch-r1 (done)
skip  p1-mini-swe-agent-overfull-hbox-r1 (done)
skip  p1-terminus-2-distribution-search-r3 (done)
skip  p1-pi-crack-7z-hash-r1 (done)
skip  p1-mini-swe-agent-feal-linear-cryptanalysis-r2 (done)
skip  p1-pi-build-cython-ext-r2 (done)
skip  p1-mini-swe-agent-fix-git-r1 (done)
skip  p1-mini-swe-agent-adaptive-rejection-sampler-r3 (done)
skip  p1-terminus-2-openssl-selfsigned-cert-r3 (done)
skip  p1-pi-adaptive-rejection-sampler-r2 (done)
skip  p1-terminus-2-qemu-startup-r1 (done)
skip  p1-pi-winning-avg-corewars-r1 (done)
skip  p1-pi-make-mips-interpreter-r1 (done)
skip  p1-pi-polyglot-c-py-r3 (done)
skip  p1-pi-git-multibranch-r1 (done)
skip  p1-pi-git-leak-recovery-r2 (done)
skip  p1-pi-custom-memory-heap-crash-r1 (done)
skip  p1-terminus-2-query-optimize-r2 (done)
skip  p1-terminus-2-cancel-async-tasks-r2 (done)
skip  p1-pi-torch-pipeline-parallelism-r1 (done)
skip  p1-mini-swe-agent-headless-terminal-r3 (done)
skip  p1-pi-git-multibranch-r2 (done)
skip  p1-terminus-2-regex-log-r3 (done)
skip  p1-mini-swe-agent-chess-best-move-r2 (done)
skip  p1-pi-feal-linear-cryptanalysis-r1 (done)
skip  p1-pi-model-extraction-relu-logits-r3 (done)
skip  p1-terminus-2-financial-document-processor-r1 (done)

Summary (Luna runs with a reward):
adaptive-rejection-sampler   {'pi': (1.0, 3), 'mini-swe-agent': (0.33, 3), 'terminus-2': (1.0, 3)}
build-cython-ext             {'pi': (1.0, 4), 'terminus-2': (0.5, 4), 'mini-swe-agent': (0.0, 6)}
build-pov-ray                {'pi': (0.33, 3), 'terminus-2': (0.33, 3), 'mini-swe-agent': (0.67, 3)}
cancel-async-tasks           {'pi': (0.67, 6), 'mini-swe-agent': (0.5, 4), 'terminus-2': (0.75, 4)}
chess-best-move              {'mini-swe-agent': (0.2, 5), 'terminus-2': (0.0, 5), 'pi': (0.0, 5)}
cobol-modernization          {'mini-swe-agent': (1.0, 6), 'terminus-2': (1.0, 4), 'pi': (1.0, 5)}
code-from-image              {'terminus-2': (1.0, 4), 'pi': (0.6, 5), 'mini-swe-agent': (1.0, 4)}
constraints-scheduling       {'mini-swe-agent': (1.0, 6), 'terminus-2': (0.8, 5), 'pi': (0.5, 4)}
count-dataset-tokens         {'terminus-2': (0.2, 5), 'mini-swe-agent': (0.33, 6), 'pi': (0.5, 4)}
crack-7z-hash                {'pi': (0.5, 4), 'terminus-2': (0.2, 5), 'mini-swe-agent': (0.0, 3)}
custom-memory-heap-crash     {'mini-swe-agent': (1.0, 3), 'pi': (1.0, 3), 'terminus-2': (1.0, 3)}
db-wal-recovery              {'mini-swe-agent': (0.2, 5), 'terminus-2': (0.43, 7), 'pi': (0.0, 4)}
distribution-search          {'mini-swe-agent': (1.0, 5), 'pi': (1.0, 4), 'terminus-2': (1.0, 4)}
feal-linear-cryptanalysis    {'mini-swe-agent': (0.83, 6), 'pi': (1.0, 4), 'terminus-2': (1.0, 4)}
filter-js-from-html          {'pi': (0.0, 3), 'mini-swe-agent': (0.0, 3), 'terminus-2': (0.0, 3)}
financial-document-processor {'pi': (0.33, 3), 'mini-swe-agent': (0.67, 3), 'terminus-2': (0.67, 3)}
fix-git                      {'pi': (1.0, 4), 'mini-swe-agent': (1.0, 6), 'terminus-2': (0.71, 7)}
fix-ocaml-gc                 {'mini-swe-agent': (0.0, 3), 'terminus-2': (1.0, 3), 'pi': (1.0, 3)}
gcode-to-text                {'terminus-2': (0.0, 5), 'mini-swe-agent': (0.0, 4), 'pi': (0.0, 4)}
git-leak-recovery            {'pi': (1.0, 4), 'terminus-2': (1.0, 5), 'mini-swe-agent': (1.0, 6)}
git-multibranch              {'terminus-2': (0.0, 3), 'mini-swe-agent': (0.67, 3), 'pi': (1.0, 3)}
headless-terminal            {'terminus-2': (0.75, 4), 'pi': (0.2, 5), 'mini-swe-agent': (1.0, 5)}
kv-store-grpc                {'mini-swe-agent': (1.0, 3), 'terminus-2': (1.0, 3), 'pi': (1.0, 3)}
large-scale-text-editing     {'terminus-2': (0.8, 5), 'mini-swe-agent': (1.0, 4), 'pi': (1.0, 4)}
mailman                      {'mini-swe-agent': (0.0, 3), 'terminus-2': (0.67, 3), 'pi': (0.33, 3)}
make-mips-interpreter        {'mini-swe-agent': (0.0, 3), 'terminus-2': (0.0, 3), 'pi': (0.0, 3)}
mcmc-sampling-stan           {'pi': (0.0, 3), 'mini-swe-agent': (0.67, 3), 'terminus-2': (0.0, 3)}
model-extraction-relu-logits {'pi': (0.0, 3), 'terminus-2': (0.0, 3), 'mini-swe-agent': (0.33, 3)}
modernize-scientific-stack   {'mini-swe-agent': (1.0, 3), 'pi': (1.0, 3), 'terminus-2': (0.67, 3)}
multi-source-data-merger     {'terminus-2': (1.0, 5), 'mini-swe-agent': (1.0, 5), 'pi': (1.0, 3)}
openssl-selfsigned-cert      {'mini-swe-agent': (1.0, 3), 'terminus-2': (0.67, 3), 'pi': (1.0, 3)}
overfull-hbox                {'mini-swe-agent': (0.67, 3), 'terminus-2': (1.0, 3), 'pi': (0.33, 3)}
path-tracing                 {'mini-swe-agent': (0.0, 4), 'pi': (0.0, 4), 'terminus-2': (0.2, 5)}
polyglot-c-py                {'terminus-2': (0.75, 4), 'pi': (0.67, 6), 'mini-swe-agent': (1.0, 4)}
polyglot-rust-c              {'pi': (0.33, 3), 'terminus-2': (1.0, 3), 'mini-swe-agent': (1.0, 3)}
portfolio-optimization       {'mini-swe-agent': (0.33, 3), 'terminus-2': (0.67, 3), 'pi': (0.33, 3)}
protein-assembly             {'pi': (0.0, 4), 'terminus-2': (0.0, 3), 'mini-swe-agent': (0.0, 6)}
prove-plus-comm              {'terminus-2': (0.5, 4), 'mini-swe-agent': (1.0, 6), 'pi': (1.0, 5)}
qemu-startup                 {'terminus-2': (0.0, 3)}
query-optimize               {'terminus-2': (0.0, 3), 'pi': (0.0, 3), 'mini-swe-agent': (0.33, 3)}
regex-chess                  {'pi': (0.0, 3), 'terminus-2': (0.0, 3), 'mini-swe-agent': (0.0, 3)}
regex-log                    {'terminus-2': (1.0, 3), 'pi': (1.0, 4), 'mini-swe-agent': (1.0, 3)}
schemelike-metacircular-eval {'pi': (0.2, 5), 'terminus-2': (0.25, 4), 'mini-swe-agent': (0.5, 4)}
torch-pipeline-parallelism   {'mini-swe-agent': (0.0, 4), 'pi': (0.2, 5), 'terminus-2': (0.0, 4)}
winning-avg-corewars         {'mini-swe-agent': (0.33, 6), 'pi': (0.0, 4), 'terminus-2': (0.5, 4)}
